,album,track_number,id,name,uri,duration_ms,acousticness,danceability,energy,instrumentalness,liveness,loudness,speechiness,tempo,valence,popularity,preview_url
0,The Complete BBC Sessions,1,4AIJz1t4ysqOT1c5BLSRQQ,You Shook Me - 23/3/69 Top Gear; 2016 Remaster,spotify:track:4AIJz1t4ysqOT1c5BLSRQQ,314013,0.127,0.414,0.49,0.0999,0.472,-8.576,0.0545,130.761,0.67,43,https://p.scdn.co/mp3-preview/88a78d18120ed0790cc1b4fe899dc3211e4b1f0c?cid=ba0aefea59a44616bc6703a7294d312d
1,The Complete BBC Sessions,2,5QRD5sNh0aaWMyjTzQ0QIn,I Can't Quit You Baby - 23/3/69 Top Gear; 2016 Remaster,spotify:track:5QRD5sNh0aaWMyjTzQ0QIn,263626,0.023,0.411,0.442,0.0266,0.198,-12.276,0.262,145.973,0.367,42,https://p.scdn.co/mp3-preview/435bfca6feccbfe0c20bb26504827bc2ee1ff9da?cid=ba0aefea59a44616bc6703a7294d312d
2,The Complete BBC Sessions,3,0RR8wuHHc5NqSFxhPDDBNV,Communication Breakdown - Live on Tasty Pop Sundae from BBC Sessions; 2016 Remaster,spotify:track:0RR8wuHHc5NqSFxhPDDBNV,191826,0.00574,0.367,0.779,0.00708,0.288,-8.334,0.0488,90.354,0.794,53,https://p.scdn.co/mp3-preview/401384cd8569b5853eb60c151ca41778292f8ae5?cid=ba0aefea59a44616bc6703a7294d312d
3,The Complete BBC Sessions,4,3vDA1z8UmHtVLQV7McvhEj,Dazed and Confused - 3/23/69 Top Gear; 2016 Remaster,spotify:track:3vDA1z8UmHtVLQV7McvhEj,399586,0.00882,0.303,0.571,0.0757,0.114,-11.521,0.0958,152.001,0.422,42,https://p.scdn.co/mp3-preview/9370494b025fd3c2a5e4f77918b645d06126c8b4?cid=ba0aefea59a44616bc6703a7294d312d
4,The Complete BBC Sessions,5,7ecVrUYlhj6OrKTAK0oDzo,The Girl I Love She Got Long Black Wavy Hair - Live on Tasty Pop Sundae from BBC Sessions; 2016 Remaster,spotify:track:7ecVrUYlhj6OrKTAK0oDzo,183226,0.111,0.264,0.609,0.311,0.322,-10.992,0.0655,185.875,0.862,53,https://p.scdn.co/mp3-preview/64d6983bd5f31bcec3e4e8a67a99a58cf37f2b72?cid=ba0aefea59a44616bc6703a7294d312d
5,The Complete BBC Sessions,6,7oI0UewzZ7PS0ljPxDqh5g,What Is and What Should Never Be - 29/6/69 Top Gear; 2016 Remaster,spotify:track:7oI0UewzZ7PS0ljPxDqh5g,260013,0.73,0.304,0.559,0.000149,0.134,-9.793,0.0403,82.927,0.618,41,https://p.scdn.co/mp3-preview/b62236c09126fa3d451098cf69976afe90bcd257?cid=ba0aefea59a44616bc6703a7294d312d
6,The Complete BBC Sessions,7,2MoEFJIvt1huvOB16ggVVV,Communication Breakdown - 29/6/69 Top Gear; 2016 Remaster,spotify:track:2MoEFJIvt1huvOB16ggVVV,160266,0.18,0.403,0.809,0.0371,0.799,-7.658,0.0506,91.323,0.779,39,https://p.scdn.co/mp3-preview/4e38a6ec20edf05fabe12978e3675340487bfc8a?cid=ba0aefea59a44616bc6703a7294d312d
7,The Complete BBC Sessions,8,5cWIRgigrzjTjDBNXQxhAR,Travelling Riverside Blues - 29/6/69 Top Gear; 2016 Remaster,spotify:track:5cWIRgigrzjTjDBNXQxhAR,310906,0.177,0.476,0.78,0.00308,0.26,-9.009,0.0564,91.609,0.634,53,https://p.scdn.co/mp3-preview/99d887c54c5f2d55c35b8d18145a9964791f8a9a?cid=ba0aefea59a44616bc6703a7294d312d
8,The Complete BBC Sessions,9,03ybzRUwX9zWK69fSAAROH,Whole Lotta Love - 29/6/69 Top Gear; 2016 Remaster,spotify:track:03ybzRUwX9zWK69fSAAROH,370733,0.51,0.332,0.742,0.188,0.106,-10.63,0.0917,87.335,0.55,41,https://p.scdn.co/mp3-preview/547df5251cac493876aecdd8822e11562d75b17f?cid=ba0aefea59a44616bc6703a7294d312d
9,The Complete BBC Sessions,10,4AX9BMMXAZmXKRmfLSYFVD,Somethin' Else - Live on Tasty Pop Sundae from BBC Sessions; 2016 Remaster,spotify:track:4AX9BMMXAZmXKRmfLSYFVD,126493,0.0566,0.324,0.736,2.6e-05,0.344,-9.1,0.0307,156.903,0.85,38,https://p.scdn.co/mp3-preview/5c726192e1a42a7fd04fad1874facaa0055827e3?cid=ba0aefea59a44616bc6703a7294d312d
10,The Complete BBC Sessions,11,2mxCbflovI7X3GJqodNmQW,Communication Breakdown - 10/8/69 Playhouse Theatre; 2016 Remaster,spotify:track:2mxCbflovI7X3GJqodNmQW,184613,0.0134,0.286,0.611,0.00657,0.658,-10.579,0.0699,184.027,0.841,37,https://p.scdn.co/mp3-preview/78f7fd7682c9b9e7738d72f4809bba7c40964710?cid=ba0aefea59a44616bc6703a7294d312d
11,The Complete BBC Sessions,12,2gJFReyGxkjBSGH7hTMMBW,I Can't Quit You Baby - 10/8/69 Playhouse Theatre; 2016 Remaster,spotify:track:2gJFReyGxkjBSGH7hTMMBW,380826,0.045,0.426,0.446,0.00827,0.702,-12.806,0.175,141.418,0.502,37,https://p.scdn.co/mp3-preview/7f6d5bda29b1c6773b3195c2fdfe43a29e75706d?cid=ba0aefea59a44616bc6703a7294d312d
12,The Complete BBC Sessions,13,593pmTrKexLeNCihWPLV4G,You Shook Me - 10/8/69 Playhouse Theatre; 2016 Remaster,spotify:track:593pmTrKexLeNCihWPLV4G,613546,0.398,0.384,0.623,0.128,0.884,-8.875,0.138,142.907,0.539,36,https://p.scdn.co/mp3-preview/51902a25d8150f18824b03d8506b8d4f8720cd24?cid=ba0aefea59a44616bc6703a7294d312d
13,The Complete BBC Sessions,14,01E0FRixFbsbB98fg4x6ev,How Many More Times - 10/8/69 Playhouse Theatre; 2016 Remaster,spotify:track:01E0FRixFbsbB98fg4x6ev,698280,0.143,0.379,0.358,0.00373,0.762,-13.909,0.0641,74.624,0.466,36,https://p.scdn.co/mp3-preview/e5957eee8b2e772ea9399e3fcb6c91c7821acf50?cid=ba0aefea59a44616bc6703a7294d312d
14,The Complete BBC Sessions,1,5X95UM2l8CHywHaYRDJPQs,Immigrant Song - 1/4/71 Paris Theatre; 2016 Remaster,spotify:track:5X95UM2l8CHywHaYRDJPQs,201280,0.00154,0.28,0.873,7.27e-06,0.669,-8.905,0.0897,119.342,0.305,38,https://p.scdn.co/mp3-preview/ce06539e441f69c20901fbd9d0483f66c317fd72?cid=ba0aefea59a44616bc6703a7294d312d
15,The Complete BBC Sessions,2,6QfmPnJkxdiF74BA17sADx,Heartbreaker - 1/4/71 Paris Theatre; 2016 Remaster,spotify:track:6QfmPnJkxdiF74BA17sADx,315680,0.0058,0.302,0.904,4.01e-05,0.871,-8.686,0.0848,114.196,0.475,37,https://p.scdn.co/mp3-preview/f8c48b3113dfae8a4616d2658d3f2191fe4f22ee?cid=ba0aefea59a44616bc6703a7294d312d
16,The Complete BBC Sessions,3,3ztOzed3fKKnQhjlSlt8zC,Since I've Been Loving You - 1/4/71 Paris Theatre; 2016 Remaster,spotify:track:3ztOzed3fKKnQhjlSlt8zC,416266,0.0637,0.367,0.579,0.00846,0.967,-10.782,0.0528,128.277,0.369,40,https://p.scdn.co/mp3-preview/69305a6a013e6ce1a96c8f3b994ec418bc029896?cid=ba0aefea59a44616bc6703a7294d312d
17,The Complete BBC Sessions,4,1WjcnUqyx9Y3g6qkqQYUv8,Black Dog - 1/4/71 Paris Theatre; 2016 Remaster,spotify:track:1WjcnUqyx9Y3g6qkqQYUv8,317520,0.015,0.333,0.904,0.00874,0.928,-9.589,0.342,84.278,0.512,37,https://p.scdn.co/mp3-preview/1e9233ee1fc9624d8387ee5666224cddf90aa453?cid=ba0aefea59a44616bc6703a7294d312d
18,The Complete BBC Sessions,5,6n7AvsSb4TzPMHVger0qHw,Dazed and Confused - 1/4/71 Paris Theatre; 2016 Remaster,spotify:track:6n7AvsSb4TzPMHVger0qHw,1116613,0.0706,0.326,0.521,0.265,0.765,-13.181,0.0742,131.846,0.141,34,https://p.scdn.co/mp3-preview/954447d884aa8249029540aee9467b197aa5d190?cid=ba0aefea59a44616bc6703a7294d312d
19,The Complete BBC Sessions,6,5eDGkltiw0sZbi1LRhxb8j,Stairway to Heaven - Live: 1/4/71 Paris Theatre; 2016 Remaster,spotify:track:5eDGkltiw0sZbi1LRhxb8j,529373,0.392,0.314,0.442,0.00753,0.862,-12.119,0.0565,102.799,0.187,37,https://p.scdn.co/mp3-preview/c2586acd4b782e0c06d2170f4c36caf6f5387de1?cid=ba0aefea59a44616bc6703a7294d312d
20,The Complete BBC Sessions,7,7KfIcdv3NrWdomDqZWVnU3,Going to California - Live 1/4/71 Paris Theatre; 2016 Remaster,spotify:track:7KfIcdv3NrWdomDqZWVnU3,234666,0.597,0.386,0.292,0.00044,0.745,-18.692,0.0393,149.215,0.211,38,https://p.scdn.co/mp3-preview/26699503f467d4e4a772d0ad464f257e2598356c?cid=ba0aefea59a44616bc6703a7294d312d
21,The Complete BBC Sessions,8,4U3jBsqRSepwtuxDXnUadz,That's the Way - 1/4/71 Paris Theatre; 2016 Remaster,spotify:track:4U3jBsqRSepwtuxDXnUadz,343320,0.518,0.448,0.367,0.000278,0.951,-16.487,0.0683,91.911,0.253,36,https://p.scdn.co/mp3-preview/17ece8d170e55a86a48e5c9431ae7428128a6077?cid=ba0aefea59a44616bc6703a7294d312d
22,The Complete BBC Sessions,9,1jD9o6FcboH4s9I9zqB74K,Whole Lotta Love (Medley) - 1/4/71 Paris Theatre; 2016 Remaster,spotify:track:1jD9o6FcboH4s9I9zqB74K,825000,0.0123,0.346,0.866,0.00021,0.949,-9.741,0.0963,100.027,0.365,34,https://p.scdn.co/mp3-preview/77cbf237996151bc95ea48e62581d6b2a1506a8b?cid=ba0aefea59a44616bc6703a7294d312d
23,The Complete BBC Sessions,10,18W1RpWFGPD2wrobPz2SXX,Thank You - 1/4/71 Paris Theatre; 2016 Remaster,spotify:track:18W1RpWFGPD2wrobPz2SXX,399586,0.0202,0.156,0.446,0.00475,0.962,-11.942,0.056,167.426,0.148,36,https://p.scdn.co/mp3-preview/35667df53b17819d95ddb160b2a83207a1440f75?cid=ba0aefea59a44616bc6703a7294d312d
24,The Complete BBC Sessions,1,6tuK0GEmQvC1pLIvk9HLaw,Communication Breakdown - 23/3/69 Top Gear; 2016 Remaster,spotify:track:6tuK0GEmQvC1pLIvk9HLaw,181426,0.0103,0.306,0.726,0.0102,0.395,-8.916,0.0542,182.24,0.544,31,https://p.scdn.co/mp3-preview/4d5b7aca2615a94e658395ba24abcffdc299f8fc?cid=ba0aefea59a44616bc6703a7294d312d
25,The Complete BBC Sessions,2,4OLYHNc5o3yZRVfJXtwpXC,What Is and What Should Never Be - Live on Tasty Pop Sundae from BBC Sessions; 2016 Remaster,spotify:track:4OLYHNc5o3yZRVfJXtwpXC,254786,0.0763,0.321,0.497,4.22e-05,0.146,-12.825,0.0707,82.554,0.478,34,https://p.scdn.co/mp3-preview/0d6659230430b9301633911ae5bba81964a437a2?cid=ba0aefea59a44616bc6703a7294d312d
26,The Complete BBC Sessions,3,2IW9BqnMx8S4Dt75l69Js0,Dazed and Confused - 10/8/69 Playhouse Theatre; 2016 Remaster,spotify:track:2IW9BqnMx8S4Dt75l69Js0,668200,0.0757,0.356,0.611,0.0253,0.952,-11.858,0.121,109.504,0.387,31,https://p.scdn.co/mp3-preview/ccbbd4cd600f7e3c4d813d75334e2856a2f8229b?cid=ba0aefea59a44616bc6703a7294d312d
27,The Complete BBC Sessions,4,3H4iyihEybZnIuXCglL65U,White Summer - 10/8/69 Playhouse Theatre; 2016 Remaster,spotify:track:3H4iyihEybZnIuXCglL65U,502453,0.853,0.492,0.26,0.0203,0.692,-14.633,0.0501,121.74,0.399,33,https://p.scdn.co/mp3-preview/8890c70a9413958314cdbfe69a2bac37a69409d6?cid=ba0aefea59a44616bc6703a7294d312d
28,The Complete BBC Sessions,5,35PLOzghSxoafuqZtN2o6i,What Is and What Should Never Be - 1/4/71 Paris Theatre; 2016 Remaster,spotify:track:35PLOzghSxoafuqZtN2o6i,284440,0.0498,0.307,0.791,2.62e-06,0.966,-10.062,0.383,174.112,0.441,32,https://p.scdn.co/mp3-preview/e142a473ba1fff64897e874608e4d52d83a5ac9d?cid=ba0aefea59a44616bc6703a7294d312d
29,The Complete BBC Sessions,6,3FxBYHESXWpyAsNvqBNBoV,Communication Breakdown - 1/4/71 Paris Theatre; 2016 Remaster,spotify:track:3FxBYHESXWpyAsNvqBNBoV,294893,0.000597,0.298,0.701,0.000627,0.945,-10.721,0.0701,105.396,0.453,31,https://p.scdn.co/mp3-preview/ef488de96a004302ad79a63a486a899be0b8e574?cid=ba0aefea59a44616bc6703a7294d312d
30,The Complete BBC Sessions,7,5yCdJ5dHefpBzP6jKm5zEb,I Can't Quit You Baby - 14/4/69 Rhythm & Blues Session; 2016 Remaster,spotify:track:5yCdJ5dHefpBzP6jKm5zEb,326986,0.871,0.364,0.65,0.0982,0.361,-8.683,0.119,141.318,0.705,30,https://p.scdn.co/mp3-preview/8565aa8038533376db011ad552bd571e905ac563?cid=ba0aefea59a44616bc6703a7294d312d
31,The Complete BBC Sessions,8,7FRe9xGRvw7Rg7cEMo8xeP,You Shook Me - 14/4/69 Rhythm & Blues Session; 2016 Remaster,spotify:track:7FRe9xGRvw7Rg7cEMo8xeP,250440,0.96,0.279,0.672,0.505,0.127,-9.037,0.0584,141.999,0.555,30,https://p.scdn.co/mp3-preview/787ea290359e7f328abc3de4714efb6ab5b2e69c?cid=ba0aefea59a44616bc6703a7294d312d
32,The Complete BBC Sessions,9,0w6iHwbB6lNUiciodxp27F,Sunshine Woman - Live on Rhythm and Blues from BBC Sessions,spotify:track:0w6iHwbB6lNUiciodxp27F,188280,0.25,0.378,0.944,0.67,0.169,-5.635,0.0734,99.421,0.771,31,https://p.scdn.co/mp3-preview/ae47580955bea7a62cfe528ce6dcb6afcd856856?cid=ba0aefea59a44616bc6703a7294d312d
33,Physical Graffiti (Deluxe Edition),1,2y0l7GpFGPLXjk9rrmzecj,Custard Pie - 2012 Remaster,spotify:track:2y0l7GpFGPLXjk9rrmzecj,255701,0.498,0.453,0.738,0.00488,0.0526,-8.16,0.0347,182.233,0.778,0,https://p.scdn.co/mp3-preview/26073c91a3069fa0b9eeadf7ff06cdc010e58f58?cid=ba0aefea59a44616bc6703a7294d312d
34,Physical Graffiti (Deluxe Edition),2,58pXcVpaKxmjViTw4ixYLa,The Rover - 2012 Remaster,spotify:track:58pXcVpaKxmjViTw4ixYLa,339474,0.0123,0.618,0.769,0.00829,0.23,-8.012,0.0248,102.678,0.385,0,https://p.scdn.co/mp3-preview/513d5a41613bcf83b4bfe53e4dc09104d781161f?cid=ba0aefea59a44616bc6703a7294d312d
35,Physical Graffiti (Deluxe Edition),3,2IS9AdXu3zWjY5FCslQyOa,In My Time of Dying - 2012 Remaster,spotify:track:2IS9AdXu3zWjY5FCslQyOa,668440,0.262,0.348,0.865,0.00279,0.121,-9.727,0.0625,102.078,0.471,0,https://p.scdn.co/mp3-preview/5c62a8f627c5c04c2d0fe0edc9c0f167da8014e7?cid=ba0aefea59a44616bc6703a7294d312d
36,Physical Graffiti (Deluxe Edition),4,2pkiN0XEcHm90sNjoWnEtv,Houses of the Holy - 2012 Remaster,spotify:track:2pkiN0XEcHm90sNjoWnEtv,244686,0.167,0.632,0.849,0.0389,0.571,-8.282,0.0351,123.092,0.939,0,https://p.scdn.co/mp3-preview/4a859dd37ca683bcee241a2f582e8ce5c1115104?cid=ba0aefea59a44616bc6703a7294d312d
37,Physical Graffiti (Deluxe Edition),5,71mwBgYAlFsg4haHqODDbY,Trampled Under Foot - 2012 Remaster,spotify:track:71mwBgYAlFsg4haHqODDbY,336835,0.239,0.561,0.842,0.412,0.0768,-7.518,0.0566,111.209,0.843,0,https://p.scdn.co/mp3-preview/a4ed3ac1c8272e870f02b4ff6e5289ae470c7ea8?cid=ba0aefea59a44616bc6703a7294d312d
38,Physical Graffiti (Deluxe Edition),6,5BvUhtcRa9uNJd30TgFUEA,Kashmir - 2012 Remaster,spotify:track:5BvUhtcRa9uNJd30TgFUEA,517125,0.452,0.483,0.615,0.000414,0.0512,-8.538,0.0497,80.576,0.594,0,https://p.scdn.co/mp3-preview/f3ca68c9ceaa3435d5bd55c0199ba0b09b916cce?cid=ba0aefea59a44616bc6703a7294d312d
39,Physical Graffiti (Deluxe Edition),1,6hyGKUxCTD38yCvGKTnKvC,In the Light - 2012 Remaster,spotify:track:6hyGKUxCTD38yCvGKTnKvC,527947,0.137,0.308,0.382,6.49e-05,0.0435,-10.722,0.0378,127.318,0.108,0,https://p.scdn.co/mp3-preview/7015c0b0aed3e4fe361912fa6f6ae4f417b40a2d?cid=ba0aefea59a44616bc6703a7294d312d
40,Physical Graffiti (Deluxe Edition),2,23goCwsEJKoyFMl0f1SU9n,Bron-Yr-Aur - 2012 Remaster,spotify:track:23goCwsEJKoyFMl0f1SU9n,126560,0.719,0.34,0.287,0.562,0.0874,-17.333,0.0374,171.904,0.248,0,https://p.scdn.co/mp3-preview/ab22a1143d38855df9bea7705151ad5a39b4166d?cid=ba0aefea59a44616bc6703a7294d312d
41,Physical Graffiti (Deluxe Edition),3,0PNjhX1zjJnTc836yT9Y5R,Down by the Seaside - 2012 Remaster,spotify:track:0PNjhX1zjJnTc836yT9Y5R,315507,0.754,0.395,0.491,0.261,0.132,-10.813,0.029,97.081,0.451,0,https://p.scdn.co/mp3-preview/663116f4aa5d80dcdbfbb36903dc5d853e1671f1?cid=ba0aefea59a44616bc6703a7294d312d
42,Physical Graffiti (Deluxe Edition),4,7pmkcEoOF2DbsQfAY2wA71,Ten Years Gone - 2012 Remaster,spotify:track:7pmkcEoOF2DbsQfAY2wA71,394920,0.559,0.545,0.416,0.00496,0.0369,-11.979,0.0433,76.872,0.295,0,https://p.scdn.co/mp3-preview/999535e42e16555e76a06d8ce589c0bb40117ba9?cid=ba0aefea59a44616bc6703a7294d312d
43,Physical Graffiti (Deluxe Edition),5,2r8Nim4kXVp1XI6f0xBKCK,Night Flight - 2012 Remaster,spotify:track:2r8Nim4kXVp1XI6f0xBKCK,218253,0.274,0.511,0.722,0.00808,0.057,-9.625,0.0308,100.292,0.541,0,https://p.scdn.co/mp3-preview/b18d7a98688525446ec41eee6641fb163fd7f3a5?cid=ba0aefea59a44616bc6703a7294d312d
44,Physical Graffiti (Deluxe Edition),6,4Z7dtGrkpx6eFenB2iSjXv,The Wanton Song - 2012 Remaster,spotify:track:4Z7dtGrkpx6eFenB2iSjXv,248720,0.00414,0.498,0.746,0.0249,0.108,-8.958,0.0471,110.815,0.561,0,https://p.scdn.co/mp3-preview/5e3ae015304863ffa33d02bec37239300ea65901?cid=ba0aefea59a44616bc6703a7294d312d
45,Physical Graffiti (Deluxe Edition),7,6IeXKr9RKLe9BSfmvND8tJ,Boogie with Stu - 2012 Remaster,spotify:track:6IeXKr9RKLe9BSfmvND8tJ,232730,0.627,0.632,0.927,0.817,0.0571,-10.163,0.049,132.722,0.976,0,https://p.scdn.co/mp3-preview/ab7b093578dc6c010344ae7aaa9f675a9ad73af8?cid=ba0aefea59a44616bc6703a7294d312d
46,Physical Graffiti (Deluxe Edition),8,6EPl4Q0c8ia10KsMMMidcM,Black Country Woman - 2012 Remaster,spotify:track:6EPl4Q0c8ia10KsMMMidcM,264630,0.655,0.759,0.815,1.18e-05,0.159,-9.929,0.052,127.569,0.599,0,https://p.scdn.co/mp3-preview/582077c57cab284c00ba2ed0fdbc30de88dbe246?cid=ba0aefea59a44616bc6703a7294d312d
47,Physical Graffiti (Deluxe Edition),9,4H3eHwq18T3F5QmzyJlAlL,Sick Again - 2012 Remaster,spotify:track:4H3eHwq18T3F5QmzyJlAlL,282320,0.3,0.431,0.909,0.00342,0.462,-8.899,0.0399,113.201,0.55,0,https://p.scdn.co/mp3-preview/2cd2bffbed61f1c4008cf64455f1d8b184686832?cid=ba0aefea59a44616bc6703a7294d312d
48,Physical Graffiti (Deluxe Edition),1,0TU7sGHtvS5veAMssMe9mH,Brandy & Coke - Trampled Under Foot; Initial / Rough Mix,spotify:track:0TU7sGHtvS5veAMssMe9mH,339213,0.137,0.642,0.788,0.0256,0.0857,-10.002,0.0355,111.652,0.889,0,https://p.scdn.co/mp3-preview/4b6b48af0842a4b4d94675d281f5892f59cf6231?cid=ba0aefea59a44616bc6703a7294d312d
49,Physical Graffiti (Deluxe Edition),2,6OIOLkLhJ6XhuE4wutshE7,Sick Again - Early Version,spotify:track:6OIOLkLhJ6XhuE4wutshE7,142800,0.454,0.545,0.841,0.616,0.0845,-11.555,0.036,115.241,0.829,0,https://p.scdn.co/mp3-preview/179de357900d158b4cd5e8c2e921f072fde0ccd9?cid=ba0aefea59a44616bc6703a7294d312d
50,Physical Graffiti (Deluxe Edition),3,2LvoSPNXHfIgjgeCcjLaB1,In My Time of Dying - Initial / Rough Mix,spotify:track:2LvoSPNXHfIgjgeCcjLaB1,648093,0.414,0.339,0.688,0.001,0.104,-9.799,0.0555,101.464,0.532,0,https://p.scdn.co/mp3-preview/1c0b12feac4eed7e943466c01d06be33e61ff4ad?cid=ba0aefea59a44616bc6703a7294d312d
51,Physical Graffiti (Deluxe Edition),4,4SL1Um9Fx4amVyFC84ssFU,Houses of the Holy - Rough Mix with Overdubs,spotify:track:4SL1Um9Fx4amVyFC84ssFU,231786,0.467,0.605,0.691,0.742,0.441,-10.57,0.0337,123.288,0.965,0,https://p.scdn.co/mp3-preview/a1157fedbb4d8b8431a9e8524259392e1b25ac0f?cid=ba0aefea59a44616bc6703a7294d312d
52,Physical Graffiti (Deluxe Edition),5,3GofcTXHsor9cgLF7Jau2y,Everybody Makes It Through - In the Light; Early Version / In Transit,spotify:track:3GofcTXHsor9cgLF7Jau2y,389480,0.429,0.521,0.819,0.0703,0.29,-9.694,0.0375,128.54,0.261,0,https://p.scdn.co/mp3-preview/1d630f52e852f354c9a3a71d8d1c422c1d5b575b?cid=ba0aefea59a44616bc6703a7294d312d
53,Physical Graffiti (Deluxe Edition),6,0RleKuFBTc5JzvezdEyggr,Boogie with Stu - Sunset Sound Mix,spotify:track:0RleKuFBTc5JzvezdEyggr,219773,0.233,0.623,0.944,0.452,0.211,-9.099,0.0359,132.727,0.902,0,https://p.scdn.co/mp3-preview/f9cd6821a66a23d5ef98e2a09347d4e87f0be3f2?cid=ba0aefea59a44616bc6703a7294d312d
54,Physical Graffiti (Deluxe Edition),7,0bWjFFDAxoXUJdLPjEdgck,Driving Through Kashmir - Kashmir Rough Orchestra Mix,spotify:track:0bWjFFDAxoXUJdLPjEdgck,521106,0.396,0.473,0.588,0.000169,0.157,-10.407,0.0455,81.317,0.629,0,https://p.scdn.co/mp3-preview/ac8cc8ecfe527ac02aa93a3971ed13612b7c1a73?cid=ba0aefea59a44616bc6703a7294d312d
55,Celebration Day,1,7wGaViRu4g24CDqUcnJrGp,"Good Times Bad Times - Live: O2 Arena, London - December 10, 2007",spotify:track:7wGaViRu4g24CDqUcnJrGp,191560,7.21e-06,0.358,0.84,0.0841,0.567,-9.467,0.0736,96.54,0.536,39,https://p.scdn.co/mp3-preview/604d0ade92be93ea7c3ef0fd9b5b33e87dda8883?cid=ba0aefea59a44616bc6703a7294d312d
56,Celebration Day,2,1kOfZShwvYeN4b4UocSGMm,"Ramble On - Live: O2 Arena, London - December 10, 2007",spotify:track:1kOfZShwvYeN4b4UocSGMm,344560,0.00106,0.343,0.66,0.201,0.991,-10.646,0.0412,95.273,0.515,39,https://p.scdn.co/mp3-preview/5b810af9d0bcba5de7bb6b72fd4abdb52b76f6b2?cid=ba0aefea59a44616bc6703a7294d312d
57,Celebration Day,3,5xAWsRDWBaEv0aFsAAqJBD,"Black Dog - Live: O2 Arena, London - December 10, 2007",spotify:track:5xAWsRDWBaEv0aFsAAqJBD,353400,0.00018,0.202,0.847,0.0176,0.994,-9.943,0.0834,168.3,0.471,39,https://p.scdn.co/mp3-preview/601d7ca3ad610aaf6c91aa49a7251c8e2d8e4c23?cid=ba0aefea59a44616bc6703a7294d312d
58,Celebration Day,4,4usCLaZPkOxZUwcbtfKivq,"In My Time of Dying - Live: O2 Arena, London - December 10, 2007",spotify:track:4usCLaZPkOxZUwcbtfKivq,670786,5.41e-05,0.241,0.873,0.498,0.747,-10.27,0.0625,99.141,0.342,37,https://p.scdn.co/mp3-preview/86fd0e8e637e5fca63876f70f327e2d60c847e4f?cid=ba0aefea59a44616bc6703a7294d312d
59,Celebration Day,5,5RJizstczPZMmGryJVDYWO,"For Your Life - Live: O2 Arena, London - December 10, 2007",spotify:track:5RJizstczPZMmGryJVDYWO,400426,0.000119,0.442,0.84,0.513,0.768,-9.332,0.0528,89.958,0.472,36,https://p.scdn.co/mp3-preview/a5f70a7da14a05097701d41221bd5fbc91f9cf49?cid=ba0aefea59a44616bc6703a7294d312d
60,Celebration Day,6,3r9B2UasogxeNIu1ketFNl,"Trampled Under Foot - Live: O2 Arena, London - December 10, 2007",spotify:track:3r9B2UasogxeNIu1ketFNl,379560,2.01e-05,0.411,0.928,0.875,0.95,-8.142,0.0469,112.828,0.425,36,https://p.scdn.co/mp3-preview/82a64a5933804357ad75048a62087729220a42c0?cid=ba0aefea59a44616bc6703a7294d312d
61,Celebration Day,7,5lHlPa1RZXElMkqnGs3Kp6,"Nobody's Fault but Mine - Live: O2 Arena, London - December 10, 2007",spotify:track:5lHlPa1RZXElMkqnGs3Kp6,403880,0.000147,0.187,0.896,0.776,0.96,-7.791,0.0747,92.893,0.348,36,https://p.scdn.co/mp3-preview/eabf73a32fc258ddfcb8cb1015bfadde0f98cf46?cid=ba0aefea59a44616bc6703a7294d312d
62,Celebration Day,8,5eY0U7Xoyszegss3OQ0DLr,"No Quarter - Live: O2 Arena, London - December 10, 2007",spotify:track:5eY0U7Xoyszegss3OQ0DLr,561653,0.00271,0.306,0.613,0.581,0.777,-10.525,0.0331,125.933,0.183,38,https://p.scdn.co/mp3-preview/27c3d7f0a3cb4c17705d5ad51af8c319b9b1b3b6?cid=ba0aefea59a44616bc6703a7294d312d
63,Celebration Day,9,3hwRLIop9mHDDhKF4IIdx0,"Since I've Been Loving You - Live: O2 Arena, London - December 10, 2007",spotify:track:3hwRLIop9mHDDhKF4IIdx0,472253,0.000134,0.37,0.539,0.437,0.986,-11.7,0.038,117.393,0.0877,36,https://p.scdn.co/mp3-preview/30e5d7a6392cb4c764fdec9d099fe5124c79c740?cid=ba0aefea59a44616bc6703a7294d312d
64,Celebration Day,10,5LAR2sW7fNWoSOci6i25Bv,"Dazed and Confused - Live: O2 Arena, London - December 10, 2007",spotify:track:5LAR2sW7fNWoSOci6i25Bv,704173,0.00107,0.258,0.63,0.576,0.968,-12.42,0.0561,106.409,0.15,34,https://p.scdn.co/mp3-preview/0e815f709a1b9ef62c2c142d532ee1e47da5c299?cid=ba0aefea59a44616bc6703a7294d312d
65,Celebration Day,11,3KCT8vm2H2OEUeS99ID6W1,"Stairway to Heaven - Live: O2 Arena, London - December 10, 2007",spotify:track:3KCT8vm2H2OEUeS99ID6W1,529266,0.01,0.23,0.475,0.0046,0.742,-10.349,0.0316,74.681,0.184,44,https://p.scdn.co/mp3-preview/3cc5478e2fb594a800ec9482e18bfbe3db25ba84?cid=ba0aefea59a44616bc6703a7294d312d
66,Celebration Day,12,41V50mCQUR8JJmbZ66Mnv5,"The Song Remains the Same - Live: O2 Arena, London - December 10, 2007",spotify:track:41V50mCQUR8JJmbZ66Mnv5,346786,4.53e-06,0.245,0.898,0.44,0.687,-9.364,0.0599,144.215,0.503,34,https://p.scdn.co/mp3-preview/c9fef8fdf5fd95177fc8a20c18737b52f49dae83?cid=ba0aefea59a44616bc6703a7294d312d
67,Celebration Day,13,13Wv5Sx8gm5fEkFSIauM5o,"Misty Mountain Hop - Live: O2 Arena, London - December 10, 2007",spotify:track:13Wv5Sx8gm5fEkFSIauM5o,308333,5.65e-05,0.369,0.87,0.0543,0.976,-7.267,0.0398,135.2,0.461,34,https://p.scdn.co/mp3-preview/49c51ba0cd68e458cf7a39f018d85f25ac4d419a?cid=ba0aefea59a44616bc6703a7294d312d
68,Celebration Day,14,4k4tFDl5rmRAA7L7gIjBTI,"Kashmir - Live: O2 Arena, London - December 10, 2007",spotify:track:4k4tFDl5rmRAA7L7gIjBTI,546600,7.12e-05,0.344,0.641,0.0321,0.976,-8.138,0.0303,78.541,0.147,45,https://p.scdn.co/mp3-preview/2ed3c2bc9315b95ac0195121c9fde4038c4b5305?cid=ba0aefea59a44616bc6703a7294d312d
69,Celebration Day,15,61p7OkY6r9uwHJcqZW5utf,"Whole Lotta Love - Live: O2 Arena, London - December 10, 2007",spotify:track:61p7OkY6r9uwHJcqZW5utf,446373,0.000142,0.196,0.909,0.658,0.968,-8.932,0.111,90.505,0.242,37,https://p.scdn.co/mp3-preview/620817e26b632d2e90591c2e621843ffc3078159?cid=ba0aefea59a44616bc6703a7294d312d
70,Celebration Day,16,3DSkrxetK6Xigh53HhzZiY,"Rock and Roll - Live: O2 Arena, London - December 10, 2007",spotify:track:3DSkrxetK6Xigh53HhzZiY,274960,1.24e-05,0.25,0.916,0.871,0.697,-8.397,0.0605,165.608,0.543,37,https://p.scdn.co/mp3-preview/60f72d28a675db582ea035f1c63cb2af1e4ed5c7?cid=ba0aefea59a44616bc6703a7294d312d
71,Mothership,1,3tcaltthSz9s6awB6koVRo,Good Times Bad Times - 2007 Remaster,spotify:track:3tcaltthSz9s6awB6koVRo,167733,0.0803,0.457,0.718,2.13e-06,0.0513,-9.994,0.0881,93.395,0.686,49,https://p.scdn.co/mp3-preview/94028f4bb847f573b9e8f6312ad1ffb1cf72de20?cid=ba0aefea59a44616bc6703a7294d312d
72,Mothership,2,6GXlXAfXR7C6u1VjR3VMsm,Communication Breakdown - 2007 Remaster,spotify:track:6GXlXAfXR7C6u1VjR3VMsm,148560,0.161,0.384,0.95,7.15e-06,0.61,-7.264,0.149,175.055,0.454,49,https://p.scdn.co/mp3-preview/8a6fc1ede9e37aea41d522f753082f7dfd0eb346?cid=ba0aefea59a44616bc6703a7294d312d
73,Mothership,3,1RIsAtnYOlo8zGMycNFioq,Dazed and Confused - 2007 Remaster,spotify:track:1RIsAtnYOlo8zGMycNFioq,388453,0.0919,0.262,0.539,0.00803,0.0889,-10.264,0.0451,87.197,0.436,51,https://p.scdn.co/mp3-preview/1474b2a854c58466b4b675643014cf8d99d4db09?cid=ba0aefea59a44616bc6703a7294d312d
74,Mothership,4,0ducHx1R45CnEloZ6tUVuC,Babe I'm Gonna Leave You - 2007 Remaster,spotify:track:0ducHx1R45CnEloZ6tUVuC,402920,0.365,0.408,0.465,6.01e-05,0.215,-11.772,0.0338,135.668,0.151,50,https://p.scdn.co/mp3-preview/e1139ad811e43385280dbcf1ea63b35792a3150d?cid=ba0aefea59a44616bc6703a7294d312d
75,Mothership,5,1uBMgVAUYLnzVL5uQT88FP,Whole Lotta Love - 2007 Remaster,spotify:track:1uBMgVAUYLnzVL5uQT88FP,329760,0.0627,0.444,0.892,0.0354,0.417,-11.367,0.424,88.063,0.394,49,https://p.scdn.co/mp3-preview/fb69a8c36d7bf64de2f3e7ce47600f185a19428c?cid=ba0aefea59a44616bc6703a7294d312d
76,Mothership,6,3Qjm0halGOZZGIS1tNaXlI,Ramble On - 2007 Remaster,spotify:track:3Qjm0halGOZZGIS1tNaXlI,268880,0.179,0.451,0.555,0.00327,0.077,-13.15,0.0344,98.683,0.834,50,https://p.scdn.co/mp3-preview/6808b024381316f9182ec3173bce3527224a726d?cid=ba0aefea59a44616bc6703a7294d312d
77,Mothership,7,3I7a9joX0lJnK9XzE38GnD,Heartbreaker - 2007 Remaster,spotify:track:3I7a9joX0lJnK9XzE38GnD,255506,0.0701,0.397,0.723,0.0703,0.142,-9.197,0.0884,96.894,0.543,50,https://p.scdn.co/mp3-preview/ee582e354f7bcd2a0a7f2f688dccfbf1b69307c6?cid=ba0aefea59a44616bc6703a7294d312d
78,Mothership,8,2uuMXKKmdXrY2XxsqTsGp0,Immigrant Song - 2007 Remaster,spotify:track:2uuMXKKmdXrY2XxsqTsGp0,146746,0.0119,0.567,0.931,0.159,0.342,-10.361,0.0544,112.948,0.623,53,https://p.scdn.co/mp3-preview/f918a8bd398dc578cc8413d3bfbef65726c69ee2?cid=ba0aefea59a44616bc6703a7294d312d
79,Mothership,9,3Wunwn44wcWRNB4zb03AvA,Since I've Been Loving You - 2007 Remaster,spotify:track:3Wunwn44wcWRNB4zb03AvA,444800,0.00216,0.388,0.356,0.0762,0.139,-11.187,0.0348,118.199,0.338,50,https://p.scdn.co/mp3-preview/dbc209c99a3d081cca120605fe1ae126deac8ae7?cid=ba0aefea59a44616bc6703a7294d312d
80,Mothership,10,7HQrFPtLEpgTJaEVujH8OO,Rock and Roll - 2007 Remaster,spotify:track:7HQrFPtLEpgTJaEVujH8OO,220880,0.00091,0.317,0.879,0.00142,0.0972,-7.533,0.0406,169.534,0.849,50,https://p.scdn.co/mp3-preview/9f910a9623617ea0b24e45c9b78f43e6f5087348?cid=ba0aefea59a44616bc6703a7294d312d
81,Mothership,11,3nsUVlntPIksDvhHdZZhiu,Black Dog - 2007 Remaster,spotify:track:3nsUVlntPIksDvhHdZZhiu,295506,0.4,0.407,0.866,0.0409,0.27,-8.048,0.0996,80.813,0.723,50,https://p.scdn.co/mp3-preview/f99e011fd3d32b940b537a6d955bcd688ada9480?cid=ba0aefea59a44616bc6703a7294d312d
82,Mothership,12,3BGwxsmbbOe2jmZfh5CUAO,When the Levee Breaks - 2007 Remaster,spotify:track:3BGwxsmbbOe2jmZfh5CUAO,430320,0.0021,0.266,0.759,0.579,0.0561,-8.224,0.0328,143.929,0.813,50,https://p.scdn.co/mp3-preview/4318ddd7e52f17921cfafe596d14f149d5842e08?cid=ba0aefea59a44616bc6703a7294d312d
83,Mothership,13,12wlYeErSUNGg1B5d64077,Stairway to Heaven - 2007 Remaster,spotify:track:12wlYeErSUNGg1B5d64077,485013,0.609,0.338,0.332,0.00432,0.142,-12.254,0.0352,81.957,0.204,49,https://p.scdn.co/mp3-preview/e62fbd1d001c8d94791418f3847c8b6b7796217b?cid=ba0aefea59a44616bc6703a7294d312d
84,Mothership,1,6gQOsok1o9YY6vU1W5ZzWX,The Song Remains the Same - 2007 Remaster,spotify:track:6gQOsok1o9YY6vU1W5ZzWX,331360,0.0657,0.256,0.8,0.657,0.244,-8.394,0.0539,143.638,0.684,44,https://p.scdn.co/mp3-preview/b55c2be76e7502b5d17c46839f7d52f21d0bb35c?cid=ba0aefea59a44616bc6703a7294d312d
85,Mothership,2,35XlkvHy9WHPI4Tf9eax4t,Over the Hills and Far Away - 2007 Remaster,spotify:track:35XlkvHy9WHPI4Tf9eax4t,290933,0.0729,0.415,0.688,0.0495,0.0832,-10.504,0.0636,96.968,0.23,51,https://p.scdn.co/mp3-preview/63f2190cf9c31644133f41dc06501da46779a445?cid=ba0aefea59a44616bc6703a7294d312d
86,Mothership,3,5iNr7y6iWNkwVvVeOXSLT5,D'yer Mak'er - 2007 Remaster,spotify:track:5iNr7y6iWNkwVvVeOXSLT5,262760,0.25,0.526,0.918,4.54e-05,0.0778,-8.789,0.0771,164.453,0.578,49,https://p.scdn.co/mp3-preview/eb69df5a32c97682f89608387c8effd69c0d8ab5?cid=ba0aefea59a44616bc6703a7294d312d
87,Mothership,4,55ZL7fjGAWfClmpnsK6Xon,No Quarter - 2007 Remaster,spotify:track:55ZL7fjGAWfClmpnsK6Xon,422680,0.724,0.336,0.339,0.608,0.126,-14.237,0.0397,139.869,0.0768,53,https://p.scdn.co/mp3-preview/d781b2bc6678b058d8517dffe5e155439df07037?cid=ba0aefea59a44616bc6703a7294d312d
88,Mothership,5,6mkBbzyfK0EpywDk17taBg,Trampled Under Foot - 2007 Remaster,spotify:track:6mkBbzyfK0EpywDk17taBg,336666,0.238,0.568,0.837,0.328,0.0754,-7.744,0.059,111.186,0.833,46,https://p.scdn.co/mp3-preview/245cfa3d559078d236cab1ac21e3d48dcffea259?cid=ba0aefea59a44616bc6703a7294d312d
89,Mothership,6,5kxqPQ5Gasw1jXyBDCPDkN,Houses of the Holy - 2007 Remaster,spotify:track:5kxqPQ5Gasw1jXyBDCPDkN,244680,0.15,0.631,0.85,0.0627,0.562,-8.52,0.0347,123.086,0.944,44,https://p.scdn.co/mp3-preview/824121d4e7a7c90775446d4c82647020d18f1710?cid=ba0aefea59a44616bc6703a7294d312d
90,Mothership,7,5v2vkoTamoisazJFanHJjk,Kashmir - 2007 Remaster,spotify:track:5v2vkoTamoisazJFanHJjk,517120,0.448,0.484,0.609,0.0007,0.0415,-8.81,0.0483,80.483,0.61,50,https://p.scdn.co/mp3-preview/349a3d3f28c1480b100746b7472b606fda420dfd?cid=ba0aefea59a44616bc6703a7294d312d
91,Mothership,8,4KF1kzyeyPrgafyVm2UgQg,Nobody's Fault but Mine - 2007 Remaster,spotify:track:4KF1kzyeyPrgafyVm2UgQg,388786,0.0571,0.278,0.767,0.167,0.221,-9.454,0.0736,93.236,0.439,44,https://p.scdn.co/mp3-preview/8f84c93a39d5514cfca2c33b5cd1d10a7b519df8?cid=ba0aefea59a44616bc6703a7294d312d
92,Mothership,9,4wCMKxkE3eMOTtlAx0NFEM,Achilles Last Stand - 2007 Remaster,spotify:track:4wCMKxkE3eMOTtlAx0NFEM,630880,0.0211,0.329,0.867,0.00856,0.134,-8.789,0.0506,145.81,0.315,45,https://p.scdn.co/mp3-preview/b11bfb909aa1494d039ec79e1affd404a4d09eaa?cid=ba0aefea59a44616bc6703a7294d312d
93,Mothership,10,7uBnSdqm07uMBrp7nBmMu9,In the Evening - 2007 Remaster,spotify:track:7uBnSdqm07uMBrp7nBmMu9,413920,0.0138,0.432,0.786,0.102,0.144,-8.23,0.0451,104.062,0.437,43,https://p.scdn.co/mp3-preview/5519cb703c3f3fe558144da4f2e34571f7650515?cid=ba0aefea59a44616bc6703a7294d312d
94,Mothership,11,5UdShl12E6eHEgS8lQ1bPr,All My Love - 2012 Remaster,spotify:track:5UdShl12E6eHEgS8lQ1bPr,355893,0.123,0.552,0.791,1.42e-05,0.162,-8.356,0.0303,91.2,0.698,51,https://p.scdn.co/mp3-preview/1a9fccf0e7b009ba9c2c0231e33b04d8d8addd18?cid=ba0aefea59a44616bc6703a7294d312d
95,How the West Was Won (2018 Remaster),1,7F9HDTp5qh7iDxxGX4D8Ab,LA Drone - Live 1972; 2018 Remaster,spotify:track:7F9HDTp5qh7iDxxGX4D8Ab,14706,0.0208,0.0,0.304,0.689,0.254,-14.74,0.0,0.0,0.0,0,
96,How the West Was Won (2018 Remaster),2,2aH2dcPnwoQwhLsXFezU2r,Immigrant Song - Live 1972; 2018 Remaster,spotify:track:2aH2dcPnwoQwhLsXFezU2r,221733,0.000486,0.287,0.94,0.482,0.796,-7.185,0.0828,115.088,0.197,40,https://p.scdn.co/mp3-preview/738e6316d10218eab3b5a050e2319674ff46900d?cid=ba0aefea59a44616bc6703a7294d312d
97,How the West Was Won (2018 Remaster),3,2u7UUC5j1AStZ72gtxmXca,Heartbreaker - Live 1972; 2018 Remaster,spotify:track:2u7UUC5j1AStZ72gtxmXca,443986,0.0116,0.35,0.817,0.0918,0.347,-9.686,0.0816,105.593,0.406,37,https://p.scdn.co/mp3-preview/caf1c150402b7bea32b1d86ce71cfe15df51c779?cid=ba0aefea59a44616bc6703a7294d312d
98,How the West Was Won (2018 Remaster),4,6pN1dljT8l0mFlP6p6QqBF,Black Dog (Live) - Live 1972; 2018 Remaster,spotify:track:6pN1dljT8l0mFlP6p6QqBF,340626,0.00734,0.244,0.846,0.0567,0.935,-9.526,0.103,84.426,0.581,37,https://p.scdn.co/mp3-preview/256e94d35b762a0296409482eeb29fdb1d032776?cid=ba0aefea59a44616bc6703a7294d312d
99,How the West Was Won (2018 Remaster),5,78lkVq8OU8g2P8ib9lov3v,Over the Hills and Far Away - Live 1972; 2018 Remaster,spotify:track:78lkVq8OU8g2P8ib9lov3v,307560,0.0908,0.293,0.862,0.0481,0.924,-9.278,0.0802,99.66,0.192,38,https://p.scdn.co/mp3-preview/f00b384d29f02dd8d3c392f21dfc742424f03594?cid=ba0aefea59a44616bc6703a7294d312d
100,How the West Was Won (2018 Remaster),6,08ucu2UJHoZ05NDoBuV0vO,Since I've Been Loving You - Live 1972; 2018 Remaster,spotify:track:08ucu2UJHoZ05NDoBuV0vO,481600,0.00639,0.37,0.677,0.00346,0.888,-8.552,0.0525,115.215,0.314,38,https://p.scdn.co/mp3-preview/1f9939332945209c719d28514cd5e6672e960960?cid=ba0aefea59a44616bc6703a7294d312d
101,How the West Was Won (2018 Remaster),7,2V2Igm4OpbGsedZh1M4grD,Stairway to Heaven - Live 1972; 2018 Remaster,spotify:track:2V2Igm4OpbGsedZh1M4grD,577013,0.0616,0.308,0.583,0.00123,0.976,-10.307,0.043,106.661,0.229,41,https://p.scdn.co/mp3-preview/f497eed5a8e97cb97ea089d0a3b18c5a6e1853b4?cid=ba0aefea59a44616bc6703a7294d312d
102,How the West Was Won (2018 Remaster),8,58JPjsCFHyZWcZIaBti7Ru,Going to California - Live 1972; 2018 Remaster,spotify:track:58JPjsCFHyZWcZIaBti7Ru,337000,0.663,0.483,0.442,0.000476,0.953,-10.928,0.0307,80.656,0.172,38,https://p.scdn.co/mp3-preview/c7811e9d250cafd6b22c4000d90cb3cb01030e19?cid=ba0aefea59a44616bc6703a7294d312d
103,How the West Was Won (2018 Remaster),9,35AY4jDoaSQsL2gE3eYUlQ,That's The Way - Live 1972; 2018 Remaster,spotify:track:35AY4jDoaSQsL2gE3eYUlQ,353826,0.312,0.414,0.449,0.00205,0.715,-11.512,0.0392,81.053,0.283,36,https://p.scdn.co/mp3-preview/a91f23ea79e757ccc907e37032abb5dc52a389ec?cid=ba0aefea59a44616bc6703a7294d312d
104,How the West Was Won (2018 Remaster),10,7oGaVEK7AJyXwsZ5N6osgy,Bron-Y-Aur Stomp (Live) - Live 1972; 2018 Remaster,spotify:track:7oGaVEK7AJyXwsZ5N6osgy,293760,0.0237,0.445,0.847,0.0413,0.727,-10.536,0.0444,111.55,0.27,36,https://p.scdn.co/mp3-preview/a698e090215f8de8970a3bdf0a8b96f50f8bfea9?cid=ba0aefea59a44616bc6703a7294d312d
105,How the West Was Won (2018 Remaster),1,4CQIIdtrzVaPvfz9byC0zJ,Dazed and Confused - Live 1972; 2018 Remaster,spotify:track:4CQIIdtrzVaPvfz9byC0zJ,1525320,0.00569,0.336,0.849,0.37,0.717,-9.195,0.188,130.658,0.184,34,https://p.scdn.co/mp3-preview/af72ac64213c8f2f6561edf0c84ef6ea1b475d94?cid=ba0aefea59a44616bc6703a7294d312d
106,How the West Was Won (2018 Remaster),2,7tzjBdY07ykxbhtAsWALai,What Is and What Should Never Be (Live) - Live 1972; 2018 Remaster,spotify:track:7tzjBdY07ykxbhtAsWALai,280200,0.0667,0.302,0.879,0.000134,0.889,-8.722,0.135,90.755,0.282,33,https://p.scdn.co/mp3-preview/9a2e49667167af5d028a4de3c629ca84836ce8b5?cid=ba0aefea59a44616bc6703a7294d312d
107,How the West Was Won (2018 Remaster),3,39JudCq5uR4e6bIQI0O0Hh,Dancing Days - Live 1972; 2018 Remaster,spotify:track:39JudCq5uR4e6bIQI0O0Hh,221426,0.000957,0.515,0.926,1.53e-05,0.971,-8.738,0.0614,121.411,0.493,32,https://p.scdn.co/mp3-preview/eb1b63648096304d24876e0f478993d06e770c29?cid=ba0aefea59a44616bc6703a7294d312d
108,How the West Was Won (2018 Remaster),4,7aQX6ldfIa8R0NcYv4X0CG,Moby Dick - Live 1972; 2018 Remaster,spotify:track:7aQX6ldfIa8R0NcYv4X0CG,1164666,0.249,0.358,0.868,0.882,0.684,-11.884,0.0495,140.36,0.356,34,https://p.scdn.co/mp3-preview/8aa395f475fd3ef7e8041c60d4365f139ffab4f4?cid=ba0aefea59a44616bc6703a7294d312d
109,How the West Was Won (2018 Remaster),1,2tv2oDLPa92DRMk7RhLRfW,Whole Lotta Love - Live 1972; 2018 Remaster,spotify:track:2tv2oDLPa92DRMk7RhLRfW,1261320,0.0329,0.377,0.719,0.0228,0.989,-9.854,0.086,119.513,0.443,34,https://p.scdn.co/mp3-preview/f95f06659548c09b8216d3b8cc57799c71de5830?cid=ba0aefea59a44616bc6703a7294d312d
110,How the West Was Won (2018 Remaster),2,6IOTugmevWGWp4k4nU12XW,Rock and Roll - Live 1972; 2018 Remaster,spotify:track:6IOTugmevWGWp4k4nU12XW,235613,0.00522,0.214,0.974,0.000844,0.977,-8.18,0.0706,176.451,0.553,36,https://p.scdn.co/mp3-preview/3e4e1cf1f28f948e281b362c65e3989f801f68a1?cid=ba0aefea59a44616bc6703a7294d312d
111,How the West Was Won (2018 Remaster),3,2hBhQaRYrAGVLy1dNXtMES,The Ocean (Live) - Live 1972; 2018 Remaster,spotify:track:2hBhQaRYrAGVLy1dNXtMES,260026,0.0978,0.279,0.885,0.00673,0.883,-9.511,0.141,186.023,0.52,34,https://p.scdn.co/mp3-preview/abf0802b3f2790aee2e735f1f5ae4fc6f79e6ba9?cid=ba0aefea59a44616bc6703a7294d312d
112,How the West Was Won (2018 Remaster),4,4smUdPiTEyg2qEJKH3sMHV,Bring It on Home / Bring It on Back - Live 1972; 2018 Remaster,spotify:track:4smUdPiTEyg2qEJKH3sMHV,571786,0.02,0.382,0.778,0.0272,0.989,-9.836,0.109,106.014,0.421,35,https://p.scdn.co/mp3-preview/7a772493b3ea3ae252e6db31eca37ddf15063c10?cid=ba0aefea59a44616bc6703a7294d312d
113,Coda (2015 Remaster),1,50B4cVWKkqpSTxWG9xhMXo,We're Gonna Groove - 2012 Remaster,spotify:track:50B4cVWKkqpSTxWG9xhMXo,158413,0.0212,0.285,0.878,0.0409,0.145,-8.26,0.13,81.594,0.484,34,https://p.scdn.co/mp3-preview/e3d63262c725c672807d663abc0d68ac463fa88d?cid=ba0aefea59a44616bc6703a7294d312d
114,Coda (2015 Remaster),2,6oqciM0WBIxBmRPoOL4iNF,Poor Tom - 2012 Remaster,spotify:track:6oqciM0WBIxBmRPoOL4iNF,182413,0.022,0.58,0.753,0.00153,0.0934,-11.223,0.0479,105.22,0.573,33,https://p.scdn.co/mp3-preview/896281475331139c551d0c1364d155520e7520b9?cid=ba0aefea59a44616bc6703a7294d312d
115,Coda (2015 Remaster),3,596s59vwvjBLQ6OAQc9TQR,I Can't Quit You Baby - Page Remasters,spotify:track:596s59vwvjBLQ6OAQc9TQR,258173,0.0194,0.321,0.697,0.00791,0.168,-10.987,0.0835,143.611,0.377,34,https://p.scdn.co/mp3-preview/52819f06926970aed844f4dc9bbe6f87e6854e70?cid=ba0aefea59a44616bc6703a7294d312d
116,Coda (2015 Remaster),4,3ELgDnRctxyKerclUQTr7K,Walter's Walk - 2012 Remaster,spotify:track:3ELgDnRctxyKerclUQTr7K,271800,0.00125,0.311,0.96,0.00114,0.103,-7.255,0.124,175.183,0.421,31,https://p.scdn.co/mp3-preview/1c4f54c6f4d7dfeb6964419c1c3d4117129b4c71?cid=ba0aefea59a44616bc6703a7294d312d
117,Coda (2015 Remaster),5,5qxk29klthBlLT42dzimO7,Ozone Baby - 2012 Remaster,spotify:track:5qxk29klthBlLT42dzimO7,216360,0.033,0.556,0.878,0.000449,0.24,-7.561,0.0351,141.758,0.961,32,https://p.scdn.co/mp3-preview/e907a5658f04f0aac7d4b64283aa5d6314db87b4?cid=ba0aefea59a44616bc6703a7294d312d
118,Coda (2015 Remaster),6,4UbfGyhLsp4blVMSX49mWD,Darlene - 2012 Remaster,spotify:track:4UbfGyhLsp4blVMSX49mWD,306680,0.324,0.39,0.908,0.000806,0.31,-7.782,0.0894,169.172,0.64,35,https://p.scdn.co/mp3-preview/9a02396aea8a58a6eb7cbec8131013ececca5706?cid=ba0aefea59a44616bc6703a7294d312d
119,Coda (2015 Remaster),7,5yiMPpkzl5hTeh0EV3IJlb,Bonzo's Montreux - 2012 Remaster,spotify:track:5yiMPpkzl5hTeh0EV3IJlb,262146,0.213,0.291,0.975,0.908,0.332,-10.754,0.0557,180.289,0.127,33,https://p.scdn.co/mp3-preview/a93e8502005fc2a23a14f257d2e2ad8698c9a5d6?cid=ba0aefea59a44616bc6703a7294d312d
120,Coda (2015 Remaster),8,4hNsBELiuvPHDgEQvKJqsA,Wearing and Tearing - 2012 Remaster,spotify:track:4hNsBELiuvPHDgEQvKJqsA,329746,0.000197,0.296,0.916,0.0157,0.0628,-8.435,0.0554,111.98,0.143,32,https://p.scdn.co/mp3-preview/45dffdbb362d0fdec36a4ede664b1735ab6b36b3?cid=ba0aefea59a44616bc6703a7294d312d
121,Coda,1,5h32ElaHxUjVCyMRb5snh2,We're Gonna Groove - 1993 Remaster,spotify:track:5h32ElaHxUjVCyMRb5snh2,157840,0.00396,0.312,0.847,0.521,0.0403,-8.797,0.0996,119.466,0.569,21,https://p.scdn.co/mp3-preview/dc5f0f29f39218963d21d6bf790f22f703a131b5?cid=ba0aefea59a44616bc6703a7294d312d
122,Coda,2,1TdeOVizQgzr4ul5BxfTlc,Poor Tom - 1990 Remaster,spotify:track:1TdeOVizQgzr4ul5BxfTlc,182093,0.0131,0.636,0.748,0.00291,0.0564,-10.967,0.0537,105.741,0.834,21,https://p.scdn.co/mp3-preview/a331c323276c156f82fb5f5924c54c562ebd6e9e?cid=ba0aefea59a44616bc6703a7294d312d
123,Coda,3,7lDUgEhAtLsPpnWxtGqDes,I Can't Quit You Baby - 1990 Remaster,spotify:track:7lDUgEhAtLsPpnWxtGqDes,258133,0.0274,0.362,0.763,0.115,0.107,-9.349,0.108,143.434,0.51,21,https://p.scdn.co/mp3-preview/cabef5a320aacbc0c92949bd79ed7e780328127d?cid=ba0aefea59a44616bc6703a7294d312d
124,Coda,4,4KTsBb2UxDF6xXRUDaAOPS,Walter's Walk - 1993 Remaster,spotify:track:4KTsBb2UxDF6xXRUDaAOPS,270733,0.000781,0.321,0.971,0.012,0.0864,-7.541,0.0683,174.797,0.514,16,https://p.scdn.co/mp3-preview/48d9cc5b4c34d1ad12db47a4753ff3a8663fbb64?cid=ba0aefea59a44616bc6703a7294d312d
125,Coda,5,3KRsqkuB9NrjYRhIRirRWT,Ozone Baby - 1990 Remaster,spotify:track:3KRsqkuB9NrjYRhIRirRWT,215800,0.0157,0.532,0.885,0.00887,0.131,-7.602,0.0409,141.536,0.937,19,https://p.scdn.co/mp3-preview/7042f84fa75909e00b1a3482d7e262f2f9651482?cid=ba0aefea59a44616bc6703a7294d312d
126,Coda,6,5wukyNccQJlVbIz1yluAtY,Darlene - 1993 Remaster,spotify:track:5wukyNccQJlVbIz1yluAtY,307226,0.0346,0.361,0.909,0.0316,0.11,-8.276,0.0878,160.5,0.654,19,https://p.scdn.co/mp3-preview/8a7697e51820410cbcc17f3bbe8c9618fb48f725?cid=ba0aefea59a44616bc6703a7294d312d
127,Coda,7,2GdYdQEEH09MaEJKqB3iyk,Bonzo's Montreux - 1993 Remaster,spotify:track:2GdYdQEEH09MaEJKqB3iyk,258333,0.0105,0.33,0.968,0.895,0.0641,-10.772,0.0609,180.238,0.152,21,https://p.scdn.co/mp3-preview/9a816b89f02b8a1f934a274d717715940467569c?cid=ba0aefea59a44616bc6703a7294d312d
128,Coda,8,50Q8UxVcylDM1XMxjgXQ2m,Wearing and Tearing - 1990 Remaster,spotify:track:50Q8UxVcylDM1XMxjgXQ2m,329133,8.38e-05,0.296,0.953,0.03,0.0341,-8.459,0.0532,109.058,0.156,20,https://p.scdn.co/mp3-preview/62779a75d0211d3af3803cdea2c89388ec0cf5b1?cid=ba0aefea59a44616bc6703a7294d312d
129,Coda (Deluxe Edition),1,49gK7IgvdjZDcei0HJ8yYu,We're Gonna Groove - 2012 Remaster,spotify:track:49gK7IgvdjZDcei0HJ8yYu,158413,0.0212,0.285,0.878,0.0409,0.145,-8.26,0.13,81.594,0.484,35,https://p.scdn.co/mp3-preview/e3d63262c725c672807d663abc0d68ac463fa88d?cid=ba0aefea59a44616bc6703a7294d312d
130,Coda (Deluxe Edition),2,1vv0T4icyIPhEgzeVmQG7E,Poor Tom - 2012 Remaster,spotify:track:1vv0T4icyIPhEgzeVmQG7E,182413,0.022,0.58,0.753,0.00153,0.0934,-11.223,0.0479,105.22,0.573,35,https://p.scdn.co/mp3-preview/896281475331139c551d0c1364d155520e7520b9?cid=ba0aefea59a44616bc6703a7294d312d
131,Coda (Deluxe Edition),3,3rJ3RO0egiDxdPJ8uXfZYQ,I Can't Quit You Baby - Page Remasters,spotify:track:3rJ3RO0egiDxdPJ8uXfZYQ,258173,0.0194,0.321,0.697,0.00791,0.168,-10.987,0.0835,143.611,0.377,35,https://p.scdn.co/mp3-preview/52819f06926970aed844f4dc9bbe6f87e6854e70?cid=ba0aefea59a44616bc6703a7294d312d
132,Coda (Deluxe Edition),4,3PlLcWK6LIJcrHe2OOR9z9,Walter's Walk - 2012 Remaster,spotify:track:3PlLcWK6LIJcrHe2OOR9z9,271800,0.00125,0.311,0.96,0.00114,0.103,-7.255,0.124,175.183,0.421,31,https://p.scdn.co/mp3-preview/1c4f54c6f4d7dfeb6964419c1c3d4117129b4c71?cid=ba0aefea59a44616bc6703a7294d312d
133,Coda (Deluxe Edition),5,22xTwPtwubGTYwTbwAJIeD,Ozone Baby - 2012 Remaster,spotify:track:22xTwPtwubGTYwTbwAJIeD,216360,0.033,0.556,0.878,0.000449,0.24,-7.561,0.0351,141.758,0.961,34,https://p.scdn.co/mp3-preview/e907a5658f04f0aac7d4b64283aa5d6314db87b4?cid=ba0aefea59a44616bc6703a7294d312d
134,Coda (Deluxe Edition),6,78WaBhq9Mf60WbZDDKWato,Darlene - 2012 Remaster,spotify:track:78WaBhq9Mf60WbZDDKWato,306680,0.324,0.39,0.908,0.000806,0.31,-7.782,0.0894,169.172,0.64,33,https://p.scdn.co/mp3-preview/9a02396aea8a58a6eb7cbec8131013ececca5706?cid=ba0aefea59a44616bc6703a7294d312d
135,Coda (Deluxe Edition),7,7n8FOouaabpFxOo2dvr6Nx,Bonzo's Montreux - 2012 Remaster,spotify:track:7n8FOouaabpFxOo2dvr6Nx,262146,0.213,0.291,0.975,0.908,0.332,-10.754,0.0557,180.289,0.127,33,https://p.scdn.co/mp3-preview/a93e8502005fc2a23a14f257d2e2ad8698c9a5d6?cid=ba0aefea59a44616bc6703a7294d312d
136,Coda (Deluxe Edition),8,68vnSbB07XyvL115UJ7j1v,Wearing and Tearing - 2012 Remaster,spotify:track:68vnSbB07XyvL115UJ7j1v,329746,0.000197,0.296,0.916,0.0157,0.0628,-8.435,0.0554,111.98,0.143,31,https://p.scdn.co/mp3-preview/45dffdbb362d0fdec36a4ede664b1735ab6b36b3?cid=ba0aefea59a44616bc6703a7294d312d
137,Coda (Deluxe Edition),1,5Ww4barEifhHOIIfPKXpiu,We're Gonna Groove - Alternate Mix,spotify:track:5Ww4barEifhHOIIfPKXpiu,160280,0.00672,0.314,0.928,0.224,0.0891,-7.78,0.143,120.784,0.497,27,https://p.scdn.co/mp3-preview/0634249da2a592bf41cf77e89a32d2cd305efa5c?cid=ba0aefea59a44616bc6703a7294d312d
138,Coda (Deluxe Edition),2,5oiPnT0Hg5gL4jmJPmEdpP,If It Keeps on Raining - Rough Mix,spotify:track:5oiPnT0Hg5gL4jmJPmEdpP,254342,0.0926,0.357,0.612,0.696,0.165,-12.281,0.0301,153.252,0.665,31,https://p.scdn.co/mp3-preview/422167360f807370385291f1e347382f6b415d33?cid=ba0aefea59a44616bc6703a7294d312d
139,Coda (Deluxe Edition),3,2kbCP6nAqCgYt0T6TCTYUE,Bonzo's Montreux - Mix Construction in Progress,spotify:track:2kbCP6nAqCgYt0T6TCTYUE,299600,0.379,0.327,0.994,0.86,0.104,-9.371,0.0473,182.655,0.215,27,https://p.scdn.co/mp3-preview/d6b42234497ab27e3961933ed8b03c76e6b0965b?cid=ba0aefea59a44616bc6703a7294d312d
140,Coda (Deluxe Edition),4,2WWaTlRUhwOOMtd1yaQISN,Baby Come on Home - 2012 Remaster,spotify:track:2WWaTlRUhwOOMtd1yaQISN,269960,0.445,0.421,0.535,0.000115,0.132,-10.793,0.0565,131.7,0.422,34,https://p.scdn.co/mp3-preview/f73e3b9ea1947daf26b49ea0ae0476f49faf6314?cid=ba0aefea59a44616bc6703a7294d312d
141,Coda (Deluxe Edition),5,7qfnStJsXETYnPRI2CUhkG,Sugar Mama - Mix,spotify:track:7qfnStJsXETYnPRI2CUhkG,170515,0.00605,0.639,0.674,0.0727,0.0741,-9.095,0.0702,127.218,0.734,30,https://p.scdn.co/mp3-preview/f6134fa79cc2af77062715b442132ec6596ef7f7?cid=ba0aefea59a44616bc6703a7294d312d
142,Coda (Deluxe Edition),6,5r98K14TytMcJzeqw0XJv5,Poor Tom - Instrumental Mix,spotify:track:5r98K14TytMcJzeqw0XJv5,137066,0.017,0.598,0.782,0.0713,0.0737,-9.355,0.0305,103.892,0.865,27,https://p.scdn.co/mp3-preview/a04f44514c6826619829771ac811f00141de35a8?cid=ba0aefea59a44616bc6703a7294d312d
143,Coda (Deluxe Edition),7,3dCarMp6T3GsKCspJgeD0a,Travelling Riverside Blues - BBC Session,spotify:track:3dCarMp6T3GsKCspJgeD0a,311640,0.0745,0.467,0.835,0.000184,0.26,-7.084,0.0642,91.603,0.639,44,https://p.scdn.co/mp3-preview/4e8a88f4cdc727e1fe263d48cf056ecf251e83fd?cid=ba0aefea59a44616bc6703a7294d312d
144,Coda (Deluxe Edition),8,16VhHtoaOjTU4AJBNSBNQ1,Hey Hey What Can I Do - 2012 Remaster,spotify:track:16VhHtoaOjTU4AJBNSBNQ1,236760,0.166,0.468,0.858,0.000304,0.0807,-9.639,0.0543,77.987,0.526,62,https://p.scdn.co/mp3-preview/fc40475a8755463042da43e1222b1f66f3b6f649?cid=ba0aefea59a44616bc6703a7294d312d
145,Coda (Deluxe Edition),1,0UtbPJGU7LWAqJ3GYf6Jn1,Four Hands (Four Sticks) (Bombay Orchestra),spotify:track:0UtbPJGU7LWAqJ3GYf6Jn1,285920,0.811,0.546,0.323,0.0709,0.186,-11.521,0.0527,144.415,0.888,28,https://p.scdn.co/mp3-preview/44e70dc8ad4a335ba1e9caef4dbf6ddbea98b9aa?cid=ba0aefea59a44616bc6703a7294d312d
146,Coda (Deluxe Edition),2,0x4vkC1gduKDjz6RGp75jk,Friends (Bombay Orchestra),spotify:track:0x4vkC1gduKDjz6RGp75jk,267240,0.706,0.503,0.391,0.0312,0.167,-11.528,0.0306,79.215,0.37,27,https://p.scdn.co/mp3-preview/45ea61765a7a68b4d3b14232afbd5f81df9c7f3f?cid=ba0aefea59a44616bc6703a7294d312d
147,Coda (Deluxe Edition),3,1GMREDmMejNPc13xfOCiDB,St. Tristan's Sword - Rough Mix,spotify:track:1GMREDmMejNPc13xfOCiDB,341520,0.0275,0.438,0.932,0.874,0.0809,-6.947,0.0283,105.256,0.962,30,https://p.scdn.co/mp3-preview/51feb07bd07ed86bc8007c48cd41c648067b53b1?cid=ba0aefea59a44616bc6703a7294d312d
148,Coda (Deluxe Edition),4,5q4xMMJDmIALkPx6LYKMT2,Desire (The Wanton Song) - Rough Mix,spotify:track:5q4xMMJDmIALkPx6LYKMT2,249880,0.112,0.512,0.873,0.0778,0.259,-9.787,0.0475,111.189,0.378,28,https://p.scdn.co/mp3-preview/d4160c9dc30ed647b7604a243351aca9a2497a00?cid=ba0aefea59a44616bc6703a7294d312d
149,Coda (Deluxe Edition),5,32jWQWxNUbyh0cz2qo2Y3E,Bring It on Home - Rough Mix,spotify:track:32jWQWxNUbyh0cz2qo2Y3E,152000,0.0257,0.402,0.964,0.0358,0.399,-6.983,0.0919,98.074,0.561,29,https://p.scdn.co/mp3-preview/665be30f6234c51a69cce9fa260d3f1ce94c8f5b?cid=ba0aefea59a44616bc6703a7294d312d
150,Coda (Deluxe Edition),6,0nBxdeNF1TSfy4OATiR9NK,Walter's Walk - Rough Mix,spotify:track:0nBxdeNF1TSfy4OATiR9NK,199640,0.000336,0.297,0.968,0.878,0.096,-8.765,0.0486,175.954,0.801,26,https://p.scdn.co/mp3-preview/7e235839144cac4fc53af81dbf40df2fd18a9063?cid=ba0aefea59a44616bc6703a7294d312d
151,Coda (Deluxe Edition),7,69cHZiUAKixXAVXuJeMPbq,Everybody Makes It Through - In the Light; Rough Mix,spotify:track:69cHZiUAKixXAVXuJeMPbq,513613,0.0638,0.398,0.346,0.0493,0.0538,-11.564,0.0368,126.862,0.0626,28,https://p.scdn.co/mp3-preview/30eff3bcaa774da3f5b9941564060e5314b9b8ce?cid=ba0aefea59a44616bc6703a7294d312d
152,In Through the out Door (2015 Remaster),1,5OGPjlTOXvKFhnCy9zSdpv,In the Evening - 2012 Remaster,spotify:track:5OGPjlTOXvKFhnCy9zSdpv,413906,0.0122,0.431,0.789,0.0921,0.119,-8.224,0.0449,104.036,0.425,41,https://p.scdn.co/mp3-preview/ad5c41b4b65b16e79141a74be9110f6156b3d50f?cid=ba0aefea59a44616bc6703a7294d312d
153,In Through the out Door (2015 Remaster),2,23FeHDJaegIZF0dpH4x1Tf,South Bound Saurez - 2012 Remaster,spotify:track:23FeHDJaegIZF0dpH4x1Tf,253920,0.124,0.34,0.943,0.00123,0.238,-6.161,0.0521,189.74,0.496,38,https://p.scdn.co/mp3-preview/2b9deaf78f21347a52d709a3b8c589ad5368df72?cid=ba0aefea59a44616bc6703a7294d312d
154,In Through the out Door (2015 Remaster),3,3i25w2HOWoafnTIiWJCL71,Fool in the Rain - 2012 Remaster,spotify:track:3i25w2HOWoafnTIiWJCL71,370920,0.124,0.52,0.912,0.00151,0.239,-7.512,0.0487,131.403,0.702,46,https://p.scdn.co/mp3-preview/dd164203179507cd973c174349d63cf33f615591?cid=ba0aefea59a44616bc6703a7294d312d
155,In Through the out Door (2015 Remaster),4,5K2yYEoc9ljOlzoMnhQSgm,Hot Dog - 2012 Remaster,spotify:track:5K2yYEoc9ljOlzoMnhQSgm,198546,0.0754,0.589,0.958,7.37e-05,0.352,-7.443,0.0406,116.925,0.734,37,https://p.scdn.co/mp3-preview/9f5c686d080bc1dc133f0250e9d58c83227fd25c?cid=ba0aefea59a44616bc6703a7294d312d
156,In Through the out Door (2015 Remaster),5,0YZKbKo9i91i7LD0m1KASq,Carouselambra - 2012 Remaster,spotify:track:0YZKbKo9i91i7LD0m1KASq,634013,0.00662,0.345,0.88,0.306,0.0498,-8.62,0.0349,110.979,0.609,37,https://p.scdn.co/mp3-preview/f913f683dd143e0ea790c835a49adae0e3d6254b?cid=ba0aefea59a44616bc6703a7294d312d
157,In Through the out Door (2015 Remaster),6,5hhVpGIBlqAU5yJEOmrk5o,All My Love - 2012 Remaster,spotify:track:5hhVpGIBlqAU5yJEOmrk5o,353720,0.113,0.554,0.791,1.76e-05,0.166,-8.326,0.0288,91.108,0.697,50,https://p.scdn.co/mp3-preview/06b948e7c1e339e99c2bb1ec90533a03db686d57?cid=ba0aefea59a44616bc6703a7294d312d
158,In Through the out Door (2015 Remaster),7,1k0GJSTI0xaP8TIvCbyUkh,I'm Gonna Crawl - 2012 Remaster,spotify:track:1k0GJSTI0xaP8TIvCbyUkh,331973,0.0385,0.3,0.661,7.79e-05,0.122,-9.127,0.0391,151.841,0.163,39,https://p.scdn.co/mp3-preview/a3b6006fa8514ce9a7a935e9156385a8f9d08f66?cid=ba0aefea59a44616bc6703a7294d312d
159,In Through the out Door (1994 Remaster),1,2fvLQe9ZlRaEJ5o4sG3TbM,In the Evening - 1990 Remaster,spotify:track:2fvLQe9ZlRaEJ5o4sG3TbM,407240,0.00652,0.454,0.779,0.48,0.0963,-8.444,0.0428,103.161,0.509,52,https://p.scdn.co/mp3-preview/9974698291678c96c18982efebfc23c50bbed68f?cid=ba0aefea59a44616bc6703a7294d312d
160,In Through the out Door (1994 Remaster),2,7v3l2PEaxnex3NylNusT4Y,South Bound Saurez - 1993 Remaster,spotify:track:7v3l2PEaxnex3NylNusT4Y,252733,0.078,0.535,0.897,0.0757,0.288,-8.465,0.037,96.035,0.559,31,https://p.scdn.co/mp3-preview/94587a26efefaf033fd1113aac27a1424cba7e70?cid=ba0aefea59a44616bc6703a7294d312d
161,In Through the out Door (1994 Remaster),3,62p6fF2r4NY6pwZbxxvmr8,Fool in the Rain - 1990 Remaster,spotify:track:62p6fF2r4NY6pwZbxxvmr8,372893,0.0866,0.539,0.866,0.00414,0.0953,-8.404,0.0483,130.345,0.761,63,https://p.scdn.co/mp3-preview/2a01e585a6f91121f6a69957a392c4f5bf6a268f?cid=ba0aefea59a44616bc6703a7294d312d
162,In Through the out Door (1994 Remaster),4,3dK54dSsNcIUcYKzNh5FgI,Hot Dog - 1993 Remaster,spotify:track:3dK54dSsNcIUcYKzNh5FgI,196866,0.0344,0.606,0.929,0.00824,0.323,-9.059,0.0386,116.909,0.789,36,https://p.scdn.co/mp3-preview/3016624b423fbd7ebdaf5f874bd09c6e06bea603?cid=ba0aefea59a44616bc6703a7294d312d
163,In Through the out Door (1994 Remaster),5,4qFBpsSVqmwf8QmaVXFRXP,Carouselambra - 1993 Remaster,spotify:track:4qFBpsSVqmwf8QmaVXFRXP,631973,0.00315,0.373,0.869,0.673,0.0951,-8.803,0.0387,111.095,0.593,30,https://p.scdn.co/mp3-preview/8c477bbf12625348d6e5542ee5d16a959dfb6a4a?cid=ba0aefea59a44616bc6703a7294d312d
164,In Through the out Door (1994 Remaster),6,6lrh9jZ1xoMwoErgPSj2rY,All My Love - 1990 Remaster,spotify:track:6lrh9jZ1xoMwoErgPSj2rY,351266,0.131,0.599,0.744,0.00275,0.0795,-8.72,0.0316,91.259,0.723,63,https://p.scdn.co/mp3-preview/d03424a544dcc5102703ebb081fd321dc5567b32?cid=ba0aefea59a44616bc6703a7294d312d
165,In Through the out Door (1994 Remaster),7,5wl6K8IW1DsZNIC9ktVE7B,I'm Gonna Crawl - 1990 Remaster,spotify:track:5wl6K8IW1DsZNIC9ktVE7B,329800,0.125,0.331,0.598,0.0482,0.11,-9.054,0.0417,150.686,0.199,32,https://p.scdn.co/mp3-preview/dd55748c87f45f923fc9de06168b255fa261adc0?cid=ba0aefea59a44616bc6703a7294d312d
166,In Through the out Door (Deluxe Edition),1,0mFvyXWpsxhewV0s8zSB3w,In the Evening - 2012 Remaster,spotify:track:0mFvyXWpsxhewV0s8zSB3w,413906,0.0122,0.431,0.789,0.0921,0.119,-8.224,0.0449,104.036,0.425,35,https://p.scdn.co/mp3-preview/ad5c41b4b65b16e79141a74be9110f6156b3d50f?cid=ba0aefea59a44616bc6703a7294d312d
167,In Through the out Door (Deluxe Edition),2,7fUMMlG7qYfpIzi5YnsSpi,South Bound Saurez - 2012 Remaster,spotify:track:7fUMMlG7qYfpIzi5YnsSpi,253920,0.124,0.34,0.943,0.00123,0.238,-6.161,0.0521,189.74,0.496,31,https://p.scdn.co/mp3-preview/2b9deaf78f21347a52d709a3b8c589ad5368df72?cid=ba0aefea59a44616bc6703a7294d312d
168,In Through the out Door (Deluxe Edition),3,5iJCAZlmEXMG24BcZYV9j5,Fool in the Rain - 2012 Remaster,spotify:track:5iJCAZlmEXMG24BcZYV9j5,370920,0.124,0.52,0.912,0.00151,0.239,-7.512,0.0487,131.403,0.702,40,https://p.scdn.co/mp3-preview/dd164203179507cd973c174349d63cf33f615591?cid=ba0aefea59a44616bc6703a7294d312d
169,In Through the out Door (Deluxe Edition),4,7z5g7lORw5cqAmzvTgJyvm,Hot Dog - 2012 Remaster,spotify:track:7z5g7lORw5cqAmzvTgJyvm,198546,0.0754,0.589,0.958,7.37e-05,0.352,-7.443,0.0406,116.925,0.734,30,https://p.scdn.co/mp3-preview/9f5c686d080bc1dc133f0250e9d58c83227fd25c?cid=ba0aefea59a44616bc6703a7294d312d
170,In Through the out Door (Deluxe Edition),5,2WNvfN4GJl0mCkLZviK48P,Carouselambra - 2012 Remaster,spotify:track:2WNvfN4GJl0mCkLZviK48P,634013,0.00662,0.345,0.88,0.306,0.0498,-8.62,0.0349,110.979,0.609,30,https://p.scdn.co/mp3-preview/f913f683dd143e0ea790c835a49adae0e3d6254b?cid=ba0aefea59a44616bc6703a7294d312d
171,In Through the out Door (Deluxe Edition),6,7FvEP1wqocKmOL0mSzi2BV,All My Love - 2012 Remaster,spotify:track:7FvEP1wqocKmOL0mSzi2BV,353720,0.113,0.554,0.791,1.76e-05,0.166,-8.326,0.0288,91.108,0.697,38,https://p.scdn.co/mp3-preview/06b948e7c1e339e99c2bb1ec90533a03db686d57?cid=ba0aefea59a44616bc6703a7294d312d
172,In Through the out Door (Deluxe Edition),7,18Dk8jvMPHXQPUdfREma2P,I'm Gonna Crawl - 2012 Remaster,spotify:track:18Dk8jvMPHXQPUdfREma2P,331973,0.0385,0.3,0.661,7.79e-05,0.122,-9.127,0.0391,151.841,0.163,31,https://p.scdn.co/mp3-preview/a3b6006fa8514ce9a7a935e9156385a8f9d08f66?cid=ba0aefea59a44616bc6703a7294d312d
173,In Through the out Door (Deluxe Edition),1,0opKedsbLA4lXauh3vLwij,In the Evening - Rough Mix,spotify:track:0opKedsbLA4lXauh3vLwij,414462,0.00816,0.474,0.722,0.35,0.0386,-9.984,0.0322,106.038,0.504,28,https://p.scdn.co/mp3-preview/af4d5f336e8fd5fdbf6663323f7b3f52c3fdc47f?cid=ba0aefea59a44616bc6703a7294d312d
174,In Through the out Door (Deluxe Edition),2,6PKDV88gnBkKZF3igm5uxq,Southbound Piano (South Bound Saurez) - Rough Mix,spotify:track:6PKDV88gnBkKZF3igm5uxq,254706,0.186,0.553,0.902,0.0094,0.163,-8.231,0.037,96.785,0.517,26,https://p.scdn.co/mp3-preview/933f744632906e90817000eb748f2f1548af6bb7?cid=ba0aefea59a44616bc6703a7294d312d
175,In Through the out Door (Deluxe Edition),3,3j7Oa4tiMvi8BdbfEhe98a,Fool in the Rain - Rough Mix,spotify:track:3j7Oa4tiMvi8BdbfEhe98a,373160,0.602,0.531,0.699,0.351,0.109,-12.07,0.0415,130.948,0.876,27,https://p.scdn.co/mp3-preview/d980df33af6e2460848f34bbbb9c19e3245552bf?cid=ba0aefea59a44616bc6703a7294d312d
176,In Through the out Door (Deluxe Edition),4,0ZKMGHPVixxwN5mnh3EMUH,Hot Dog - Rough Mix,spotify:track:0ZKMGHPVixxwN5mnh3EMUH,197133,0.152,0.537,0.982,0.00455,0.314,-6.927,0.0405,117.314,0.715,24,https://p.scdn.co/mp3-preview/8d54416f7874baebb80ed6d82e7ae75ba35373ac?cid=ba0aefea59a44616bc6703a7294d312d
177,In Through the out Door (Deluxe Edition),5,0E6LTe4d2TNHDcWIFAjCm5,The Epic (Carouselambra) - Rough Mix,spotify:track:0E6LTe4d2TNHDcWIFAjCm5,648866,0.0274,0.36,0.797,0.0831,0.128,-11.814,0.0392,111.664,0.476,24,https://p.scdn.co/mp3-preview/b04442c4582253a27efc0732ddc5a363c3d195bc?cid=ba0aefea59a44616bc6703a7294d312d
178,In Through the out Door (Deluxe Edition),6,5BaBVpQNHBk2ONZQlU8VXT,The Hook (All My Love) - Rough Mix,spotify:track:5BaBVpQNHBk2ONZQlU8VXT,352533,0.694,0.57,0.578,0.562,0.103,-13.778,0.0284,92.706,0.722,26,https://p.scdn.co/mp3-preview/d4f1cb5736255767bd23bb3f433f077d8164bdfb?cid=ba0aefea59a44616bc6703a7294d312d
179,In Through the out Door (Deluxe Edition),7,3V6RXfIWuTpAlBkx5uaPbQ,Blot (I'm Gonna Crawl) - Rough Mix,spotify:track:3V6RXfIWuTpAlBkx5uaPbQ,331200,0.522,0.313,0.388,0.788,0.143,-14.226,0.034,152.053,0.198,25,https://p.scdn.co/mp3-preview/249e8f78f1b5780656d9e5efed61093b13d9f7c4?cid=ba0aefea59a44616bc6703a7294d312d
180,The Song Remains the Same (2018 Remaster),1,2SxJwk01jPkt6JnzpuY2oT,Rock and Roll - Live at MSG 1973; 2018 Remaster,spotify:track:2SxJwk01jPkt6JnzpuY2oT,236333,0.000294,0.263,0.973,0.104,0.651,-6.339,0.127,159.461,0.344,39,https://p.scdn.co/mp3-preview/3e8ddb970818df0fbb07de07a328c7cd90c06ea8?cid=ba0aefea59a44616bc6703a7294d312d
181,The Song Remains the Same (2018 Remaster),2,3AKELG5VNBxeRt4b42hRjI,Celebration Day - Live at MSG 1973; 2018 Remaster,spotify:track:3AKELG5VNBxeRt4b42hRjI,217613,6.05e-05,0.262,0.979,0.00271,0.236,-6.804,0.12,131.255,0.1,37,https://p.scdn.co/mp3-preview/ff6969021903b8366d6a9aab8f6ea8675eb5d393?cid=ba0aefea59a44616bc6703a7294d312d
182,The Song Remains the Same (2018 Remaster),3,6CtTQxzJXMQuujhe0RX3UL,Black Dog - Live at MSG 1973; 2018 Remaster,spotify:track:6CtTQxzJXMQuujhe0RX3UL,226280,0.000149,0.177,0.962,0.068,0.953,-6.298,0.182,165.048,0.448,39,https://p.scdn.co/mp3-preview/34617b30df5f8266857998af4c40f31f6afc4693?cid=ba0aefea59a44616bc6703a7294d312d
183,The Song Remains the Same (2018 Remaster),4,2y0xzua7r5tBGflKU8NAsD,Over the Hills and Far Away - Live at MSG 1973; 2018 Remaster,spotify:track:2y0xzua7r5tBGflKU8NAsD,371026,0.00325,0.239,0.913,0.0715,0.858,-7.724,0.0814,95.097,0.376,38,https://p.scdn.co/mp3-preview/f8913dfc15aa25600b1a2cdeb518f9cc5b056c34?cid=ba0aefea59a44616bc6703a7294d312d
184,The Song Remains the Same (2018 Remaster),5,59CI0QJ60mUmYGpYNM77fd,Misty Mountain Hop - Live at MSG 1973; 2018 Remaster,spotify:track:59CI0QJ60mUmYGpYNM77fd,283480,0.0104,0.352,0.855,0.00115,0.883,-7.692,0.0367,133.299,0.569,36,https://p.scdn.co/mp3-preview/871b3cd53410b1841eabc5131a2ecd93a8e71557?cid=ba0aefea59a44616bc6703a7294d312d
185,The Song Remains the Same (2018 Remaster),6,6Xfw7G8EZXh9QIh8faW6q4,Since I've Been Loving You - Live at MSG 1973; 2018 Remaster,spotify:track:6Xfw7G8EZXh9QIh8faW6q4,503840,0.00313,0.334,0.798,0.0239,0.964,-8.289,0.0478,112.089,0.41,42,https://p.scdn.co/mp3-preview/7e67a64d6410082497f4b895a30fba6020b5a230?cid=ba0aefea59a44616bc6703a7294d312d
186,The Song Remains the Same (2018 Remaster),7,6CaacdmM2MaOV7Pqmru0BW,No Quarter - Live at MSG 1973; 2018 Remaster,spotify:track:6CaacdmM2MaOV7Pqmru0BW,638320,0.103,0.288,0.593,0.407,0.901,-10.116,0.049,122.083,0.0782,40,https://p.scdn.co/mp3-preview/c8f72fbbcf714937e5398e4767062c8dbfb0e628?cid=ba0aefea59a44616bc6703a7294d312d
187,The Song Remains the Same (2018 Remaster),8,1O9JBEDrasxqxkoHKcPy95,The Song Remains the Same - Live at MSG 1973; 2018 Remaster,spotify:track:1O9JBEDrasxqxkoHKcPy95,339520,0.00136,0.226,0.966,0.0106,0.352,-6.038,0.103,144.924,0.339,39,https://p.scdn.co/mp3-preview/fd1f027dcdce7dfc6e4decb538003b76daabcc99?cid=ba0aefea59a44616bc6703a7294d312d
188,The Song Remains the Same (2018 Remaster),9,0VG9YWiGjyoKZNLurIhDfW,The Rain Song - Live at MSG 1973; 2018 Remaster,spotify:track:0VG9YWiGjyoKZNLurIhDfW,500733,0.0669,0.28,0.402,0.0153,0.794,-9.83,0.029,141.624,0.158,40,https://p.scdn.co/mp3-preview/f186c1bee9929a2220dc7b5686110ee4eff18f17?cid=ba0aefea59a44616bc6703a7294d312d
189,The Song Remains the Same (2018 Remaster),10,5vAJknHmF3jEhKNMI5VzVV,The Ocean - Live at MSG 1973; 2018 Remaster,spotify:track:5vAJknHmF3jEhKNMI5VzVV,316093,0.00258,0.308,0.939,0.00114,0.958,-7.359,0.143,124.105,0.421,38,https://p.scdn.co/mp3-preview/6bfb5861a3794ace5ccb56d7c0ff5c2b3ee44766?cid=ba0aefea59a44616bc6703a7294d312d
190,The Song Remains the Same (2018 Remaster),1,0OotzYWTwTqoszW9MrXSdZ,Dazed and Confused - Live at MSG 1973; 2018 Remaster,spotify:track:0OotzYWTwTqoszW9MrXSdZ,1758306,0.0074,0.307,0.897,0.499,0.942,-8.595,0.106,125.893,0.218,39,https://p.scdn.co/mp3-preview/69bf6b61f554847bc3ef387f07616cbe1909adcb?cid=ba0aefea59a44616bc6703a7294d312d
191,The Song Remains the Same (2018 Remaster),2,3sxIm3lTgdvXJdNHNn64BS,Stairway to Heaven - Live at MSG 1973; 2018 Remaster,spotify:track:3sxIm3lTgdvXJdNHNn64BS,653026,0.0444,0.269,0.765,0.0131,0.967,-8.535,0.0599,102.817,0.237,48,https://p.scdn.co/mp3-preview/5e34b44b746edbe22aa39b958a2acf6f226119a6?cid=ba0aefea59a44616bc6703a7294d312d
192,The Song Remains the Same (2018 Remaster),3,4a1eKyU8NWzmyxmXz2vUmA,Moby Dick - Live at MSG 1973; 2018 Remaster,spotify:track:4a1eKyU8NWzmyxmXz2vUmA,662133,0.0998,0.372,0.852,0.864,0.937,-11.08,0.0435,101.851,0.42,34,https://p.scdn.co/mp3-preview/c7fe3841d09e38f02180136262c492c31b71e7a6?cid=ba0aefea59a44616bc6703a7294d312d
193,The Song Remains the Same (2018 Remaster),4,5awIHukDYBj2X5SVIKwu2j,Heartbreaker - Live at MSG 1973; 2018 Remaster,spotify:track:5awIHukDYBj2X5SVIKwu2j,379933,0.0275,0.298,0.891,0.217,0.362,-8.516,0.108,100.909,0.375,35,https://p.scdn.co/mp3-preview/964b344efb039f8c8ef83f74a7e63356e34a2877?cid=ba0aefea59a44616bc6703a7294d312d
194,The Song Remains the Same (2018 Remaster),5,2EbfJIOLyZcyHEZosJC0dT,Whole Lotta Love - Live at MSG 1973; 2018 Remaster,spotify:track:2EbfJIOLyZcyHEZosJC0dT,832026,0.0045,0.291,0.942,0.0383,0.89,-7.912,0.165,105.117,0.395,36,https://p.scdn.co/mp3-preview/68de2b5e947a48f9aa4fa3783aab4a502a47d0b7?cid=ba0aefea59a44616bc6703a7294d312d
195,Presence (2015 Remaster),1,1ibHApXtb0pgplmNDRLHrJ,Achilles Last Stand - 2012 Remaster,spotify:track:1ibHApXtb0pgplmNDRLHrJ,631720,0.0205,0.321,0.865,0.00756,0.108,-8.796,0.0496,145.919,0.317,43,https://p.scdn.co/mp3-preview/fd6c719cf3000d746b531460d14ec32d3fc632f4?cid=ba0aefea59a44616bc6703a7294d312d
196,Presence (2015 Remaster),2,6ly5DBm7QhjU8RQWl2neJg,For Your Life - 2012 Remaster,spotify:track:6ly5DBm7QhjU8RQWl2neJg,385080,0.0239,0.365,0.611,1.84e-05,0.119,-11.821,0.0978,180.236,0.675,38,https://p.scdn.co/mp3-preview/ef276036189689bf1940c15527ac8c1cff9d58e9?cid=ba0aefea59a44616bc6703a7294d312d
197,Presence (2015 Remaster),3,5zTX9sl93oTNuUiOmgq5Cc,Royal Orleans - 2012 Remaster,spotify:track:5zTX9sl93oTNuUiOmgq5Cc,179226,0.147,0.596,0.875,7e-05,0.0909,-7.392,0.0977,109.118,0.737,36,https://p.scdn.co/mp3-preview/e38b1072b8a379612015aaa6ff0fc6653d05e3a0?cid=ba0aefea59a44616bc6703a7294d312d
198,Presence (2015 Remaster),4,6unmtLYQ2LQ1Cg4IdAiU9g,Nobody's Fault but Mine - 2012 Remaster,spotify:track:6unmtLYQ2LQ1Cg4IdAiU9g,388093,0.0502,0.235,0.767,0.145,0.21,-9.435,0.0879,188.904,0.459,40,https://p.scdn.co/mp3-preview/11a76b717b8b2116718a8bcde16f16dc5eb53258?cid=ba0aefea59a44616bc6703a7294d312d
199,Presence (2015 Remaster),5,4i09E6a5vOsIIHb7wpyftz,Candy Store Rock - 2012 Remaster,spotify:track:4i09E6a5vOsIIHb7wpyftz,251373,0.0161,0.57,0.927,0.000115,0.1,-8.99,0.0398,114.817,0.789,35,https://p.scdn.co/mp3-preview/91d3979ad81ef3285303324307b3a9396313e51c?cid=ba0aefea59a44616bc6703a7294d312d
200,Presence (2015 Remaster),6,3VYEHEaUE4Zh38xSQtXCwU,Hots on for Nowhere - 2012 Remaster,spotify:track:3VYEHEaUE4Zh38xSQtXCwU,284213,0.0785,0.512,0.894,1.32e-06,0.184,-9.044,0.0576,96.138,0.75,36,https://p.scdn.co/mp3-preview/8d7e9ce8a449e340466869b4aa2c6623071a037d?cid=ba0aefea59a44616bc6703a7294d312d
201,Presence (2015 Remaster),7,3t9Gt4luM1yDfKIljQdiFb,Tea for One - 2012 Remaster,spotify:track:3t9Gt4luM1yDfKIljQdiFb,568066,0.114,0.556,0.486,0.00544,0.0606,-12.037,0.0373,122.021,0.396,40,https://p.scdn.co/mp3-preview/7b231a11ed1ebc267f8d95399b41b02b9fcf023b?cid=ba0aefea59a44616bc6703a7294d312d
202,Presence (1994 Remaster),1,5gwign6hATXgMHxYrRix9L,Achilles Last Stand - 1990 Remaster,spotify:track:5gwign6hATXgMHxYrRix9L,622000,0.00641,0.332,0.886,0.131,0.205,-8.4,0.0535,146.039,0.326,42,https://p.scdn.co/mp3-preview/376b2d9b68addec5938b2cdeabeb613f3a3cb2da?cid=ba0aefea59a44616bc6703a7294d312d
203,Presence (1994 Remaster),2,2hXhzBwIcrfQQUdelpLZXH,For Your Life - 1990 Remaster,spotify:track:2hXhzBwIcrfQQUdelpLZXH,384106,0.0141,0.374,0.719,0.000344,0.132,-9.336,0.177,184.18,0.671,49,https://p.scdn.co/mp3-preview/77d41674fc22e886240a739d73850f5a398895dc?cid=ba0aefea59a44616bc6703a7294d312d
204,Presence (1994 Remaster),3,2wjONj1QX8czcIpjwxyKHA,Royal Orleans - 1993 Remaster,spotify:track:2wjONj1QX8czcIpjwxyKHA,178266,0.0549,0.584,0.876,0.000839,0.0793,-7.987,0.0857,109.081,0.747,28,https://p.scdn.co/mp3-preview/a899f1e81945221ce5ce610c14b1787c43051f76?cid=ba0aefea59a44616bc6703a7294d312d
205,Presence (1994 Remaster),4,2mYpbsbzCM3dqrM2XjgSjh,Nobody's Fault but Mine - 1990 Remaster,spotify:track:2mYpbsbzCM3dqrM2XjgSjh,376266,0.0523,0.243,0.813,0.21,0.188,-8.809,0.102,187.617,0.471,52,https://p.scdn.co/mp3-preview/31bed1a977ba4e799514fa558846f2da17705807?cid=ba0aefea59a44616bc6703a7294d312d
206,Presence (1994 Remaster),5,1PpSenBXeetCWotWWrtYgg,Candy Store Rock - 1990 Remaster,spotify:track:1PpSenBXeetCWotWWrtYgg,251680,0.00837,0.561,0.943,0.00322,0.263,-9.24,0.0403,114.714,0.736,26,https://p.scdn.co/mp3-preview/350f4117ebf62a056c191f7e1f5423fd00ae35bf?cid=ba0aefea59a44616bc6703a7294d312d
207,Presence (1994 Remaster),6,6QLmvRTcw7lID3vsOQmROy,Hots on for Nowhere - 1993 Remaster,spotify:track:6QLmvRTcw7lID3vsOQmROy,283200,0.0762,0.546,0.848,3.88e-05,0.266,-10.67,0.0552,95.691,0.727,29,https://p.scdn.co/mp3-preview/d9d7974591791a40e8ddaf8464bde2228b259706?cid=ba0aefea59a44616bc6703a7294d312d
208,Presence (1994 Remaster),7,3SeGamJ7Wnazlhe8ukbY86,Tea for One - 1993 Remaster,spotify:track:3SeGamJ7Wnazlhe8ukbY86,566866,0.0419,0.542,0.494,0.0324,0.0949,-12.157,0.0413,122.266,0.374,34,https://p.scdn.co/mp3-preview/fb02e5a0101d3aa33cb4b8f44d2b94044661e413?cid=ba0aefea59a44616bc6703a7294d312d
209,Presence (Deluxe Edition),1,0BochXUxV1vjmkGIfVRXpi,Achilles Last Stand - 2012 Remaster,spotify:track:0BochXUxV1vjmkGIfVRXpi,631720,0.0205,0.321,0.865,0.00756,0.108,-8.796,0.0496,145.919,0.317,35,https://p.scdn.co/mp3-preview/fd6c719cf3000d746b531460d14ec32d3fc632f4?cid=ba0aefea59a44616bc6703a7294d312d
210,Presence (Deluxe Edition),2,0vqy9wH3X3RjgrnmGaHfIW,For Your Life - 2012 Remaster,spotify:track:0vqy9wH3X3RjgrnmGaHfIW,385080,0.0239,0.365,0.611,1.84e-05,0.119,-11.821,0.0978,180.236,0.675,30,https://p.scdn.co/mp3-preview/ef276036189689bf1940c15527ac8c1cff9d58e9?cid=ba0aefea59a44616bc6703a7294d312d
211,Presence (Deluxe Edition),3,51fBpLsMRfOqQX1rWLXHgD,Royal Orleans - 2012 Remaster,spotify:track:51fBpLsMRfOqQX1rWLXHgD,179226,0.147,0.596,0.875,7e-05,0.0909,-7.392,0.0977,109.118,0.737,28,https://p.scdn.co/mp3-preview/e38b1072b8a379612015aaa6ff0fc6653d05e3a0?cid=ba0aefea59a44616bc6703a7294d312d
212,Presence (Deluxe Edition),4,3eZcV1AcZQqGryhQFsfECx,Nobody's Fault but Mine - 2012 Remaster,spotify:track:3eZcV1AcZQqGryhQFsfECx,388093,0.0502,0.235,0.767,0.145,0.21,-9.435,0.0879,188.904,0.459,32,https://p.scdn.co/mp3-preview/11a76b717b8b2116718a8bcde16f16dc5eb53258?cid=ba0aefea59a44616bc6703a7294d312d
213,Presence (Deluxe Edition),5,7eFmDRDdqsgo7uCqPBi7iA,Candy Store Rock - 2012 Remaster,spotify:track:7eFmDRDdqsgo7uCqPBi7iA,251373,0.0161,0.57,0.927,0.000115,0.1,-8.99,0.0398,114.817,0.789,26,https://p.scdn.co/mp3-preview/91d3979ad81ef3285303324307b3a9396313e51c?cid=ba0aefea59a44616bc6703a7294d312d
214,Presence (Deluxe Edition),6,3XnTMZcTlzWeVlBgv7H39f,Hots on for Nowhere - 2012 Remaster,spotify:track:3XnTMZcTlzWeVlBgv7H39f,284213,0.0785,0.512,0.894,1.32e-06,0.184,-9.044,0.0576,96.138,0.75,28,https://p.scdn.co/mp3-preview/8d7e9ce8a449e340466869b4aa2c6623071a037d?cid=ba0aefea59a44616bc6703a7294d312d
215,Presence (Deluxe Edition),7,5Eq3PrZaSdBq5byckJMZfm,Tea for One - 2012 Remaster,spotify:track:5Eq3PrZaSdBq5byckJMZfm,568066,0.114,0.556,0.486,0.00544,0.0606,-12.037,0.0373,122.021,0.396,30,https://p.scdn.co/mp3-preview/7b231a11ed1ebc267f8d95399b41b02b9fcf023b?cid=ba0aefea59a44616bc6703a7294d312d
216,Presence (Deluxe Edition),1,7IiEMNeyHBjHQCi4sBeUSh,Two Ones Are Won - Achilles Last Stand Reference Mix,spotify:track:7IiEMNeyHBjHQCi4sBeUSh,628666,0.0087,0.308,0.812,0.185,0.259,-10.744,0.043,146.017,0.325,27,https://p.scdn.co/mp3-preview/c2a344ef7b452c4b513c6a1e0f143c79cfdcbef8?cid=ba0aefea59a44616bc6703a7294d312d
217,Presence (Deluxe Edition),2,5oXApBdISAwO8SPEC33QPz,For Your Life - Reference Mix,spotify:track:5oXApBdISAwO8SPEC33QPz,388053,0.0164,0.376,0.662,4.76e-06,0.208,-11.771,0.073,180.086,0.689,23,https://p.scdn.co/mp3-preview/14fea098887dc18847f97f7539b5783ea9d60b07?cid=ba0aefea59a44616bc6703a7294d312d
218,Presence (Deluxe Edition),3,5W6WEL8SmY1vW51KcGha8x,10 Ribs & All / Carrot Pod Pod (Pod) - Reference Mix,spotify:track:5W6WEL8SmY1vW51KcGha8x,408786,0.796,0.468,0.351,0.745,0.101,-16.634,0.0509,82.137,0.0765,27,https://p.scdn.co/mp3-preview/f86a9cc43727828c538940740e13a9170be31693?cid=ba0aefea59a44616bc6703a7294d312d
219,Presence (Deluxe Edition),4,48s3z2htm4EKCY8Wl3fYqZ,Royal Orleans - Reference Mix,spotify:track:48s3z2htm4EKCY8Wl3fYqZ,181053,0.0879,0.647,0.833,0.0684,0.284,-10.483,0.0924,109.026,0.603,22,https://p.scdn.co/mp3-preview/1f243270bd38d9f412291a2d304be478a6e75602?cid=ba0aefea59a44616bc6703a7294d312d
220,Presence (Deluxe Edition),5,3GuChJAbZF8AFVYFkk2gk2,Hots on for Nowhere - Reference Mix,spotify:track:3GuChJAbZF8AFVYFkk2gk2,287222,0.0544,0.475,0.672,1.02e-05,0.253,-11.927,0.0533,95.522,0.809,23,https://p.scdn.co/mp3-preview/705bca29be75a853b1371432d8b8e9e4e2b96ec5?cid=ba0aefea59a44616bc6703a7294d312d
